ID,Cover_Type
2,3
11,2
14,2
25,1
29,2
32,2
36,2
43,1
45,1
68,2
69,1
75,2
84,2
86,7
93,2
94,2
107,2
112,7
123,2
130,2
144,5
150,2
156,7
162,2
166,1
172,1
177,1
181,2
185,3
193,2
203,2
218,1
220,2
222,1
230,1
235,1
243,3
252,2
253,6
254,3
260,2
262,1
263,2
264,2
276,1
279,2
281,1
283,1
289,2
291,1
303,2
304,2
312,2
313,3
315,1
318,1
319,1
327,2
329,2
335,2
337,3
338,1
339,1
340,1
346,2
351,2
352,2
371,1
372,6
377,2
381,1
385,1
392,2
419,1
424,6
433,2
436,1
452,1
459,2
477,2
486,2
494,7
507,2
508,1
512,1
516,1
519,2
527,7
528,1
536,1
544,2
549,1
553,7
554,2
566,2
579,1
581,2
588,2
590,6
596,2
618,2
621,2
627,1
642,1
654,1
657,1
675,2
680,2
688,2
691,7
696,2
699,2
715,3
730,1
735,2
743,1
747,2
750,1
755,1
758,1
761,2
762,1
774,2
778,1
780,3
786,2
788,2
791,2
797,3
799,2
801,2
805,6
807,1
814,2
815,2
816,2
818,2
820,2
823,2
829,1
834,2
840,2
854,2
857,3
859,1
860,1
869,2
870,2
877,1
882,2
890,2
899,2
903,1
914,2
939,2
944,7
946,1
960,1
970,7
973,1
974,6
987,2
988,1
995,2
996,2
1002,2
1014,2
1018,2
1019,2
1020,3
1021,1
1025,1
1033,1
1049,1
1063,1
1064,1
1069,1
1071,2
1086,2
1087,2
1091,1
1097,2
1099,2
1110,1
1113,1
1120,7
1121,1
1123,1
1127,2
1133,1
1136,2
1139,2
1144,2
1152,2
1166,1
1174,1
1180,2
1181,4
1185,2
1191,1
1192,1
1193,1
1199,1
1207,2
1210,1
1214,1
1223,1
1228,1
1230,7
1235,2
1236,2
1247,4
1249,2
1251,2
1261,1
1265,1
1271,1
1273,2
1274,1
1279,1
1280,1
1285,2
1288,2
1296,2
1298,1
1303,2
1312,1
1317,1
1320,1
1321,1
1325,3
1328,2
1334,2
1337,2
1339,1
1340,2
1341,1
1345,2
1349,5
1358,1
1365,2
1370,2
1372,1
1378,1
1381,2
1383,2
1396,1
1397,2
1402,3
1404,2
1422,1
1428,4
1430,1
1436,2
1444,2
1456,1
1467,1
1473,1
1483,6
1490,2
1494,2
1503,1
1506,1
1510,2
1515,1
1519,1
1523,1
1531,1
1538,1
1539,1
1550,2
1555,3
1557,2
1563,2
1570,1
1572,2
1576,1
1590,2
1597,2
1601,2
1604,3
1615,1
1645,6
1652,2
1657,1
1659,2
1662,2
1667,3
1669,1
1672,2
1673,1
1677,1
1678,2
1684,3
1694,1
1695,7
1701,1
1709,2
1712,2
1722,1
1725,3
1737,1
1743,7
1750,3
1751,2
1755,2
1764,7
1774,3
1776,1
1784,2
1792,2
1798,2
1804,1
1806,2
1814,2
1816,1
1818,1
1825,7
1834,1
1859,7
1865,2
1883,7
1885,2
1886,3
1894,1
1895,2
1898,6
1903,2
1906,2
1915,3
1930,1
1941,2
1943,3
1946,2
1954,2
1958,2
1959,6
1981,1
1998,2
2002,1
2007,1
2013,1
2016,1
2024,2
2027,2
2028,2
2033,3
2042,2
2046,1
2050,1
2055,7
2056,1
2078,2
2096,2
2097,1
2109,2
2112,2
2118,3
2121,2
2126,2
2130,6
2133,1
2143,2
2144,1
2145,1
2150,3
2151,2
2154,1
2156,2
2178,1
2188,2
2194,1
2207,2
2212,1
2213,1
2220,1
2226,6
2236,1
2237,7
2241,2
2242,5
2244,2
2245,1
2249,2
2263,2
2264,2
2266,2
2273,1
2281,3
2316,2
2321,5
2323,1
2329,5
2338,1
2342,2
2348,7
2353,2
2355,2
2356,1
2362,3
2370,2
2373,2
2374,2
2379,2
2380,1
2388,1
2392,1
2400,1
2405,7
2412,3
2421,2
2434,1
2441,1
2447,1
2448,1
2454,1
2464,1
2475,3
2482,2
2487,2
2496,1
2503,3
2519,2
2525,2
2531,1
2535,2
2548,2
2555,4
2556,3
2582,1
2588,3
2589,1
2591,2
2597,2
2598,2
2602,1
2606,1
2609,2
2610,2
2638,2
2639,2
2649,1
2651,1
2658,1
2659,6
2673,1
2678,2
2679,3
2682,2
2683,1
2691,1
2694,2
2697,5
2698,2
2711,2
2713,2
2716,1
2724,1
2731,2
2743,2
2744,5
2747,3
2748,1
2750,4
2755,2
2757,7
2772,1
2773,2
2783,1
2786,2
2792,1
2800,1
2802,1
2813,3
2814,3
2816,2
2818,2
2827,6
2832,2
2833,2
2836,1
2848,1
2849,2
2853,2
2859,2
2867,2
2868,2
2876,2
2881,2
2900,1
2905,2
2916,1
2918,2
2925,2
2928,1
2946,2
2959,2
2971,1
2974,1
2991,2
2993,2
2994,7
3002,2
3004,2
3015,7
3016,1
3025,2
3031,1
3033,2
3034,1
3039,1
3045,1
3048,1
3049,3
3051,1
3054,2
3065,2
3068,1
3073,2
3076,2
3077,2
3084,1
3086,3
3090,1
3100,1
3117,2
3149,1
3154,2
3183,7
3199,1
3201,1
3203,1
3208,1
3213,1
3214,1
3218,3
3219,2
3224,2
3230,2
3231,1
3232,1
3236,2
3239,1
3240,2
3244,2
3251,6
3256,2
3273,1
3278,2
3283,1
3289,1
3291,7
3298,2
3313,1
3317,1
3319,2
3323,2
3327,2
3336,1
3346,2
3348,2
3351,3
3357,2
3358,2
3363,1
3369,2
3375,1
3378,2
3385,2
3401,1
3411,1
3412,1
3426,1
3429,3
3433,2
3435,2
3440,2
3447,1
3453,2
3456,2
3458,6
3463,2
3468,2
3470,2
3473,2
3479,2
3483,2
3486,1
3489,1
3493,2
3497,1
3504,2
3505,1
3515,1
3518,1
3529,1
3533,2
3537,1
3538,2
3545,2
3548,2
3549,5
3557,1
3561,1
3564,2
3578,1
3584,2
3585,5
3586,2
3603,1
3604,1
3610,2
3626,1
3630,2
3631,2
3633,1
3639,3
3643,1
3645,1
3650,2
3657,2
3659,5
3662,2
3676,2
3677,1
3680,1
3681,2
3682,3
3684,1
3690,2
3697,3
3705,2
3714,1
3727,2
3730,1
3732,1
3740,1
3744,1
3749,1
3751,2
3762,7
3765,1
3769,2
3771,2
3774,2
3781,1
3783,2
3794,2
3796,2
3798,2
3802,2
3815,2
3818,1
3819,2
3821,1
3832,2
3842,3
3847,1
3850,2
3867,1
3871,2
3873,2
3875,2
3897,1
3898,2
3907,1
3911,3
3923,1
3932,2
3933,2
3942,1
3948,7
3951,2
3958,1
3965,2
3975,2
3990,2
3994,1
3997,1
3998,3
4000,2
4001,2
4004,1
4011,2
4014,1
4016,1
4026,1
4028,1
4029,1
4033,2
4037,1
4042,2
4043,2
4048,2
4050,1
4053,2
4056,2
4061,2
4066,1
4072,1
4077,3
4091,1
4092,2
4100,2
4107,1
4108,2
4122,1
4125,1
4129,2
4135,2
4140,1
4142,1
4145,1
4149,6
4155,2
4160,6
4162,2
4164,2
4171,2
4172,2
4184,2
4190,7
4197,2
4202,3
4208,1
4211,2
4215,2
4220,1
4227,2
4240,1
4247,2
4260,2
4263,2
4264,1
4280,2
4281,2
4295,2
4296,1
4297,1
4313,2
4317,2
4319,1
4331,2
4342,5
4344,2
4346,1
4347,1
4359,1
4367,2
4369,2
4376,2
4379,1
4385,2
4399,1
4405,1
4410,2
4411,1
4414,2
4415,2
4416,3
4418,1
4419,2
4423,1
4441,1
4448,2
4453,4
4457,1
4458,2
4473,2
4476,2
4480,1
4484,1
4492,2
4496,1
4500,5
4503,2
4510,2
4511,1
4512,2
4521,1
4534,1
4536,2
4539,2
4543,2
4544,2
4553,2
4562,2
4565,2
4566,2
4573,2
4580,2
4587,1
4595,1
4596,2
4605,2
4609,2
4614,2
4623,2
4626,2
4646,2
4649,1
4665,2
4668,2
4673,1
4682,1
4692,1
4701,7
4702,2
4704,2
4706,2
4707,2
4713,7
4725,2
4728,1
4742,1
4755,3
4758,2
4761,1
4766,2
4767,3
4772,1
4773,2
4780,2
4803,2
4805,1
4808,7
4809,2
4822,2
4848,1
4850,1
4854,1
4856,3
4861,3
4864,6
4869,1
4877,1
4881,2
4884,2
4885,2
4888,2
4890,3
4893,1
4894,2
4899,1
4901,1
4906,2
4909,2
4910,3
4920,2
4922,2
4926,1
4927,3
4931,2
4933,2
4935,2
4940,2
4942,2
4944,1
4952,2
4962,2
4969,2
4972,1
4977,3
4988,2
4990,2
4997,1
4998,2
5005,2
5008,2
5012,2
5013,2
5014,2
5016,1
5024,1
5026,1
5027,1
5033,1
5036,2
5039,3
5042,2
5043,2
5056,6
5069,5
5073,1
5076,1
5081,1
5082,1
5090,2
5108,2
5110,2
5111,3
5115,2
5121,2
5125,2
5142,2
5144,2
5146,1
5147,2
5154,1
5158,1
5167,1
5174,3
5181,1
5202,2
5203,2
5205,2
5206,2
5210,2
5237,2
5242,2
5243,6
5245,1
5252,2
5262,1
5268,1
5269,2
5270,2
5276,2
5278,1
5283,1
5285,2
5288,1
5304,2
5309,1
5317,2
5318,1
5330,2
5337,1
5345,2
5349,1
5363,6
5385,3
5386,2
5397,2
5401,2
5406,2
5411,2
5420,1
5429,2
5438,5
5440,2
5455,1
5465,2
5466,3
5492,2
5496,1
5508,3
5513,1
5516,2
5518,2
5527,2
5558,2
5561,2
5562,1
5569,1
5572,2
5573,1
5583,3
5584,3
5588,5
5591,1
5593,2
5594,1
5599,7
5608,2
5611,1
5614,1
5619,2
5620,1
5637,1
5648,3
5650,6
5651,2
5652,1
5653,2
5655,2
5658,2
5666,1
5670,1
5673,1
5685,2
5696,1
5702,1
5706,6
5735,2
5738,2
5771,2
5772,1
5774,1
5785,1
5787,6
5790,1
5795,1
5800,2
5810,2
5818,2
5831,2
5832,2
5838,5
5841,2
5854,2
5856,2
5860,2
5861,2
5862,1
5877,2
5890,2
5904,2
5910,2
5912,2
5913,2
5914,7
5919,1
5926,1
5929,6
5937,2
5956,1
5957,1
5967,2
5969,6
5971,2
5973,2
5976,7
5983,2
5986,2
5992,1
5993,1
5999,2
6003,2
6004,1
6007,2
6020,3
6026,5
6033,2
6034,2
6035,2
6039,2
6048,5
6055,1
6061,2
6064,1
6069,1
6072,1
6075,1
6076,1
6080,2
6086,2
6087,2
6096,2
6099,2
6105,2
6106,2
6114,2
6126,2
6130,1
6132,2
6133,1
6136,1
6144,2
6153,2
6155,2
6161,1
6164,2
6176,2
6187,2
6201,1
6213,1
6214,2
6221,2
6222,2
6224,1
6229,2
6232,1
6233,2
6244,2
6247,5
6260,2
6262,2
6275,3
6280,2
6291,1
6297,2
6299,1
6305,2
6306,1
6322,2
6325,2
6326,2
6328,1
6332,2
6338,2
6341,2
6351,2
6353,1
6354,1
6355,1
6357,2
6361,2
6363,6
6365,2
6367,1
6376,2
6378,2
6383,1
6384,2
6387,1
6409,2
6413,2
6423,7
6427,2
6433,3
6438,2
6453,2
6457,2
6459,2
6470,1
6479,2
6490,1
6505,2
6510,2
6522,1
6524,2
6525,1
6532,1
6542,3
6556,2
6559,2
6578,1
6584,2
6588,2
6589,2
6594,2
6606,1
6614,2
6618,1
6624,2
6638,3
6640,1
6643,1
6648,3
6650,1
6658,3
6660,2
6664,1
6674,2
6677,1
6682,1
6688,2
6692,2
6694,2
6696,2
6699,1
6700,1
6710,2
6725,3
6727,1
6730,2
6731,2
6739,2
6746,1
6747,1
6749,3
6761,1
6770,1
6775,6
6778,2
6782,2
6788,1
6790,1
6794,1
6798,3
6805,3
6810,2
6816,2
6826,1
6831,2
6832,4
6836,2
6838,1
6839,1
6844,1
6850,1
6856,1
6862,1
6869,1
6872,2
6874,1
6881,2
6896,1
6897,1
6901,2
6906,1
6907,1
6912,2
6914,1
6922,2
6934,2
6937,2
6949,2
6954,1
6959,2
6962,2
6965,1
6966,2
6967,1
6969,2
6971,2
6976,1
6980,2
6983,2
6984,1
6985,3
6999,1
7004,1
7005,1
7010,1
7013,1
7027,1
7041,5
7046,2
7056,2
7059,3
7060,1
7061,2
7063,1
7064,3
7066,1
7075,2
7085,1
7087,2
7108,1
7111,1
7116,2
7122,2
7124,1
7126,2
7129,2
7130,2
7131,1
7134,1
7136,1
7144,2
7157,2
7165,2
7166,1
7171,1
7174,3
7176,2
7183,1
7185,2
7202,1
7232,1
7236,2
7245,1
7255,2
7258,2
7270,2
7279,1
7284,1
7287,2
7290,2
7300,1
7309,3
7316,1
7318,1
7325,3
7339,7
7346,2
7352,1
7357,1
7366,4
7367,7
7369,1
7379,1
7380,2
7389,1
7390,1
7395,2
7398,1
7402,2
7403,1
7406,1
7408,2
7425,1
7427,4
7431,2
7452,1
7458,2
7459,6
7460,2
7464,2
7465,1
7466,2
7472,2
7474,1
7478,2
7480,1
7485,3
7491,1
7496,2
7506,2
7513,2
7517,1
7529,2
7535,2
7540,2
7547,1
7553,2
7557,1
7566,2
7578,7
7582,2
7585,2
7587,6
7589,2
7591,2
7593,1
7594,1
7602,1
7603,1
7604,1
7606,1
7620,1
7631,2
7683,2
7696,1
7702,2
7703,2
7719,1
7736,2
7739,2
7743,1
7755,1
7757,4
7759,2
7763,1
7766,2
7774,2
7781,1
7788,2
7801,1
7815,1
7827,6
7835,2
7838,1
7844,2
7846,3
7866,2
7870,1
7873,2
7874,6
7877,2
7879,1
7884,1
7885,2
7896,2
7898,1
7904,2
7910,1
7921,1
7924,1
7928,3
7929,6
7932,1
7935,1
7940,2
7941,2
7942,1
7944,1
7950,1
7954,1
7960,1
7971,1
7976,1
7979,1
7986,3
7987,2
7993,2
7998,7
7999,7
8001,1
8007,2
8009,6
8011,2
8017,2
8022,1
8027,1
8032,1
8033,2
8038,2
8044,2
8053,2
8055,7
8057,2
8060,1
8075,1
8078,2
8090,1
8099,2
8101,1
8103,1
8104,2
8106,1
8120,7
8121,2
8122,1
8147,1
8155,1
8162,1
8163,1
8164,2
8167,3
8168,1
8170,5
8174,2
8177,2
8196,6
8204,1
8211,6
8213,2
8224,2
8225,2
8229,2
8230,3
8232,7
8240,1
8249,1
8252,2
8265,3
8269,1
8273,7
8274,2
8276,2
8279,1
8283,1
8285,1
8297,2
8306,1
8312,1
8313,1
8320,1
8321,2
8346,3
8348,6
8350,2
8354,2
8355,2
8362,1
8369,2
8371,1
8392,1
8402,1
8405,2
8408,1
8410,2
8411,2
8412,1
8416,1
8430,1
8436,3
8438,2
8439,1
8441,2
8442,6
8445,2
8447,2
8451,2
8453,2
8457,1
8458,1
8459,2
8472,2
8481,1
8482,1
8490,1
8496,1
8498,2
8510,2
8520,1
8525,3
8530,2
8533,1
8535,1
8537,2
8538,1
8539,1
8544,1
8554,1
8556,2
8557,1
8559,2
8560,2
8573,1
8578,2
8582,2
8584,2
8589,2
8591,1
8594,2
8606,1
8611,2
8612,2
8613,2
8622,2
8623,2
8625,2
8626,1
8627,2
8634,3
8643,2
8645,2
8647,2
8660,2
8676,7
8677,1
8678,3
8692,2
8694,2
8697,2
8698,2
8699,1
8702,1
8713,2
8723,2
8726,1
8727,1
8749,2
8754,3
8755,7
8762,2
8766,2
8773,6
8783,7
8790,2
8793,2
8801,1
8803,2
8825,2
8832,2
8833,2
8835,2
8837,1
8838,1
8848,2
8862,1
8865,3
8869,2
8889,2
8895,1
8896,1
8916,2
8932,2
8933,3
8935,1
8940,1
8944,1
8945,1
8950,2
8954,2
8956,2
8960,2
8978,2
8983,2
8993,1
8999,2
9004,1
9014,1
9016,1
9018,5
9019,2
9023,1
9030,2
9040,2
9042,2
9063,2
9064,6
9065,2
9085,1
9091,1
9101,1
9111,2
9114,1
9115,4
9116,1
9121,2
9134,1
9137,1
9146,2
9155,1
9158,1
9167,2
9169,1
9172,1
9175,7
9177,5
9183,3
9184,1
9189,2
9191,2
9201,2
9202,2
9211,2
9226,1
9228,2
9230,3
9236,1
9237,2
9239,3
9242,2
9256,1
9261,3
9264,1
9266,1
9268,2
9291,5
9304,2
9305,1
9317,2
9320,2
9326,2
9332,6
9340,1
9347,2
9353,1
9358,2
9369,2
9374,2
9375,1
9376,2
9380,2
9384,4
9399,1
9400,1
9406,3
9411,1
9425,1
9426,7
9429,1
9441,1
9444,2
9446,5
9456,2
9460,3
9461,3
9464,2
9467,1
9469,1
9470,1
9472,2
9474,2
9477,6
9480,2
9482,1
9491,7
9504,1
9514,2
9517,1
9527,2
9534,2
9535,2
9536,2
9547,2
9549,1
9555,1
9556,2
9558,1
9559,1
9568,2
9573,1
9575,2
9582,3
9584,1
9590,2
9597,2
9603,2
9605,1
9611,2
9623,7
9625,1
9633,2
9637,2
9642,1
9650,2
9655,2
9658,2
9663,2
9674,3
9675,1
9688,4
9692,1
9702,6
9708,1
9724,1
9733,2
9746,1
9748,2
9751,3
9760,2
9766,2
9770,1
9774,7
9784,1
9799,7
9800,2
9806,6
9809,1
9812,1
9820,2
9823,2
9827,1
9842,2
9843,2
9854,1
9856,2
9880,7
9881,2
9885,1
9890,2
9906,5
9915,3
9918,3
9920,1
9933,1
9935,2
9946,4
9949,3
9951,2
9965,1
9968,6
9978,2
9979,1
9981,1
9984,1
9989,7
9990,7
9991,2
10000,2
10002,1
10022,2
10024,1
10025,1
10040,1
10051,2
10052,2
10054,2
10081,1
10082,2
10084,1
10105,1
10113,2
10143,1
10152,7
10157,1
10166,1
10176,2
10179,2
10180,1
10184,6
10195,1
10196,2
10198,1
10199,2
10200,2
10210,2
10214,2
10220,2
10222,1
10232,2
10245,2
10249,1
10253,2
10260,1
10261,1
10262,1
10264,1
10270,2
10293,2
10295,1
10297,2
10299,1
10304,2
10305,1
10307,1
10316,1
10322,1
10337,2
10338,7
10340,2
10345,2
10359,2
10369,2
10372,2
10373,2
10377,2
10378,3
10379,1
10384,7
10389,6
10397,1
10411,2
10412,2
10414,2
10415,2
10420,2
10424,2
10425,1
10428,1
10442,2
10443,2
10444,2
10454,2
10459,2
10466,2
10469,1
10470,2
10473,1
10482,2
10492,2
10498,1
10499,2
10500,2
10515,2
10519,2
10520,2
10541,2
10543,1
10550,1
10551,1
10554,2
10567,2
10574,3
10582,1
10583,2
10588,1
10590,2
10596,1
10603,1
10605,3
10613,2
10615,1
10625,5
10637,2
10638,1
10648,2
10653,2
10661,3
10677,1
10688,1
10689,2
10691,2
10692,1
10694,1
10698,1
10703,2
10706,1
10708,6
10713,2
10715,1
10723,3
10733,2
10739,2
10753,2
10759,1
10761,1
10763,2
10774,1
10783,2
10785,1
10804,1
10808,2
10811,1
10812,1
10813,1
10819,1
10826,1
10828,2
10829,1
10832,3
10834,2
10836,2
10839,7
10847,1
10862,2
10864,1
10865,1
10868,3
10871,1
10881,2
10893,2
10899,6
10900,3
10910,2
10912,1
10925,6
10931,2
10939,1
10941,1
10943,1
10945,7
10947,2
10950,1
10953,1
10957,2
10959,2
10967,2
10974,2
10982,2
10987,2
10989,3
11007,2
11016,1
11022,2
11024,1
11026,1
11051,5
11065,2
11068,2
11081,5
11084,2
11085,1
11086,6
11088,1
11097,2
11099,2
11102,1
11105,2
11111,7
11115,2
11121,2
11123,2
11128,1
11130,2
11131,2
11156,2
11159,2
11161,1
11163,2
11167,3
11168,2
11171,2
11172,1
11180,2
11189,2
11206,5
11210,2
11221,2
11229,1
11239,1
11254,2
11258,1
11262,1
11264,1
11274,2
11283,2
11284,1
11290,1
11291,1
11295,2
11301,1
11304,2
11312,1
11314,3
11318,6
11326,2
11327,2
11338,3
11353,3
11362,7
11373,2
11379,2
11381,2
11393,2
11408,1
11413,2
11417,5
11425,3
11427,2
11430,1
11432,7
11435,1
11436,2
11437,2
11443,1
11446,2
11462,1
11466,1
11467,2
11475,2
11478,2
11481,5
11488,2
11490,1
11491,2
11494,2
11497,2
11501,1
11518,1
11523,2
11526,2
11538,2
11541,1
11548,2
11556,2
11563,2
11588,2
11593,1
11596,1
11601,2
11616,1
11632,1
11642,3
11644,5
11646,2
11651,7
11655,2
11670,1
11682,2
11686,1
11687,2
11699,1
11701,3
11703,1
11713,1
11722,2
11723,1
11724,2
11732,2
11740,1
11752,2
11757,3
11759,2
11761,1
11763,1
11767,2
11774,7
11778,1
11779,2
11781,2
11799,2
11800,2
11802,1
11805,2
11809,3
11811,2
11812,2
11825,3
11830,1
11832,1
11836,1
11858,1
11867,1
11875,6
11878,2
11885,7
11886,2
11894,2
11895,3
11901,2
11906,2
11909,3
11923,2
11939,2
11942,3
11943,2
11947,1
11961,2
11977,2
11984,2
11991,1
12001,2
12006,2
12008,2
12010,2
12013,2
12021,2
12025,1
12033,1
12039,2
12042,2
12044,1
12055,1
12061,1
12063,2
12064,6
12082,1
12086,1
12091,2
12094,2
12106,2
12116,1
12120,2
12124,2
12129,2
12137,1
12139,2
12140,3
12144,2
12145,6
12150,3
12155,1
12158,2
12160,6
12168,2
12173,1
12176,2
12180,1
12181,1
12195,2
12199,2
12214,2
12221,2
12223,1
12227,3
12229,2
12238,1
12247,2
12249,2
12258,2
12268,3
12272,1
12291,2
12297,1
12301,2
12303,2
12312,2
12319,2
12321,2
12330,1
12342,1
12346,2
12351,2
12357,1
12368,6
12371,2
12376,2
12389,2
12390,2
12402,1
12406,1
12416,2
12417,1
12426,1
12435,3
12444,2
12448,1
12449,1
12452,1
12454,2
12468,7
12469,2
12470,2
12479,2
12481,2
12485,2
12486,1
12487,2
12492,1
12505,3
12514,2
12516,1
12520,1
12521,1
12522,2
12525,3
12529,1
12537,2
12539,1
12547,2
12549,3
12551,1
12556,1
12561,1
12572,1
12575,2
12576,1
12585,2
12594,3
12604,1
12607,1
12613,2
12617,1
12622,1
12623,2
12626,2
12634,2
12639,2
12640,1
12642,1
12650,2
12660,2
12661,2
12665,2
12672,2
12676,1
12677,1
12680,1
12687,1
12692,2
12697,2
12701,1
12705,7
12709,2
12718,1
12732,6
12733,2
12741,1
12743,2
12752,2
12758,1
12769,1
12771,2
12773,2
12776,6
12777,1
12786,2
12788,1
12798,2
12799,1
12805,1
12811,2
12812,1
12822,2
12847,2
12849,2
12858,1
12865,1
12870,2
12876,2
12900,2
12903,2
12905,2
12906,2
12913,1
12916,1
12919,1
12921,3
12922,3
12939,1
12947,1
12949,1
12950,1
12958,2
12961,2
12966,1
12967,1
12978,2
12986,2
12990,2
12993,2
12994,7
13013,2
13017,2
13024,2
13033,7
13035,2
13037,1
13056,2
13059,1
13060,2
13073,2
13081,2
13103,5
13104,1
13107,7
13112,1
13115,2
13138,1
13151,6
13154,2
13156,1
13166,1
13168,4
13183,2
13206,2
13220,1
13223,3
13234,1
13245,2
13258,2
13259,1
13271,2
13272,2
13280,2
13281,2
13286,1
13294,2
13299,5
13307,1
13317,2
13326,2
13327,4
13329,2
13340,1
13358,1
13366,2
13372,2
13376,2
13380,2
13381,2
13385,2
13389,2
13390,1
13401,2
13402,5
13404,3
13410,7
13418,2
13422,1
13426,1
13429,1
13439,1
13466,2
13474,2
13477,2
13491,2
13495,2
13503,1
13517,2
13528,1
13532,2
13534,2
13537,2
13557,1
13578,1
13583,1
13589,6
13596,1
13613,2
13621,2
13623,1
13625,1
13637,2
13646,7
13656,1
13666,1
13669,3
13681,2
13686,2
13689,2
13691,2
13694,1
13701,2
13705,6
13707,1
13720,1
13724,1
13725,1
13732,1
13734,1
13745,1
13749,3
13753,2
13755,7
13758,2
13772,1
13776,7
13778,2
13785,1
13796,1
13802,2
13804,1
13810,5
13814,1
13823,5
13824,1
13825,1
13827,7
13833,2
13834,2
13845,2
13865,2
13876,2
13881,2
13884,1
13890,1
13895,2
13898,2
13909,2
13910,2
13914,7
13916,1
13920,1
13924,1
13925,2
13930,2
13932,1
13935,5
13954,2
13962,1
13967,2
13972,2
13974,2
13979,1
13990,2
14001,1
14003,2
14009,1
14019,1
14026,1
14048,2
14053,1
14056,1
14060,2
14064,2
14072,2
14073,1
14074,1
14077,2
14081,2
14082,1
14085,1
14089,2
14092,2
14096,2
14102,2
14108,2
14115,2
14117,2
14120,2
14121,2
14124,2
14125,1
14126,1
14129,1
14132,1
14155,1
14159,2
14162,1
14166,1
14167,2
14169,1
14175,2
14189,1
14192,2
14207,5
14210,2
14225,1
14230,2
14241,1
14244,1
14260,1
14265,2
14276,2
14278,2
14287,1
14306,1
14307,1
14313,1
14347,6
14348,2
14357,1
14367,2
14377,1
14379,2
14385,1
14390,2
14395,2
14403,3
14427,2
14428,2
14448,2
14460,1
14463,1
14465,1
14473,1
14481,1
14486,1
14487,2
14494,2
14497,2
14520,1
14530,5
14533,2
14541,1
14542,2
14547,2
14553,1
14555,2
14564,2
14565,2
14567,1
14569,1
14581,3
14583,2
14593,1
14595,7
14619,2
14620,2
14622,2
14623,2
14629,3
14641,7
14646,2
14647,1
14649,2
14653,2
14654,1
14671,1
14672,2
14679,2
14694,2
14699,3
14712,1
14714,1
14721,1
14729,1
14735,3
14738,2
14742,2
14744,1
14755,1
14763,1
14766,3
14775,1
14776,1
14779,2
14780,2
14784,2
14788,1
14802,1
14809,2
14819,6
14826,2
14834,2
14842,2
14844,2
14845,1
14846,2
14857,2
14858,1
14860,2
14867,2
14870,2
14871,2
14883,2
14902,1
14912,2
14913,2
14916,1
14921,2
14922,1
14928,7
14930,1
14932,1
14940,1
14943,2
14948,2
14951,7
14955,2
14969,7
14973,3
14987,2
14990,1
14993,1
15018,2
15025,1
15030,2
15043,1
15044,2
15046,2
15052,2
15063,2
15064,1
15070,2
15073,1
15084,2
15112,1
15117,3
15120,2
15127,1
15133,2
15137,2
15143,1
15149,1
15150,2
15154,2
15159,1
15161,2
15164,2
15175,1
15178,2
15184,2
15188,1
15189,1
15190,1
15191,1
15197,1
15199,1
15201,2
15202,2
15210,1
15215,2
15218,3
15222,2
15223,1
15228,2
15234,1
15243,1
15245,2
15256,1
15263,3
15268,1
15274,1
15292,3
15294,1
15295,2
15297,2
15303,2
15305,1
15307,3
15313,2
15327,1
15331,2
15339,1
15342,1
15348,6
15353,1
15354,2
15363,1
15364,1
15367,2
15368,5
15372,6
15373,2
15374,1
15377,3
15383,1
15385,6
15396,7
15398,2
15400,2
15403,2
15415,6
15417,1
15424,2
15434,1
15435,2
15442,2
15455,2
15456,1
15462,2
15472,1
15483,2
15499,6
15510,2
15516,3
15523,1
15541,6
15547,1
15549,2
15559,2
15575,2
15586,2
15587,2
15591,2
15599,3
15608,2
15618,1
15621,1
15631,2
15642,2
15652,1
15661,2
15669,2
15672,6
15673,2
15676,1
15677,2
15693,2
15698,1
15701,2
15704,1
15709,7
15713,1
15714,6
15716,1
15727,2
15728,6
15735,2
15738,2
15763,1
15765,3
15770,2
15779,3
15780,1
15785,2
15788,2
15792,5
15793,1
15794,1
15802,1
15804,1
15805,3
15808,1
15819,2
15822,6
15834,2
15849,2
15851,1
15853,3
15856,1
15866,2
15868,2
15884,1
15898,1
15899,1
15905,3
15907,6
15916,1
15922,2
15926,2
15927,2
15934,2
15936,1
15951,1
15953,1
15956,1
15967,1
15968,2
15972,1
15981,2
15983,6
15990,2
15991,1
15997,2
16012,1
16013,1
16015,2
16019,2
16027,1
16029,7
16032,1
16038,2
16045,1
16047,1
16063,1
16066,2
16068,1
16069,2
16078,2
16087,1
16089,1
16091,1
16096,3
16113,2
16116,2
16122,6
16128,1
16141,2
16146,2
16153,2
16160,2
16161,2
16162,2
16163,2
16167,1
16175,1
16181,6
16190,2
16192,7
16193,2
16195,1
16199,1
16200,2
16201,2
16202,2
16205,6
16210,2
16213,1
16221,2
16225,1
16227,2
16243,2
16254,2
16255,1
16263,2
16266,2
16277,2
16291,1
16303,2
16319,7
16320,7
16325,2
16345,1
16346,5
16349,2
16353,5
16354,1
16355,2
16383,1
16384,2
16406,2
16407,2
16409,2
16413,2
16415,2
16417,2
16418,2
16421,1
16425,2
16430,3
16438,1
16442,2
16444,2
16450,1
16455,1
16459,3
16462,1
16469,2
16474,2
16477,2
16479,6
16483,1
16485,2
16492,1
16493,2
16500,2
16504,2
16514,1
16519,1
16529,2
16538,1
16542,1
16547,2
16550,2
16560,1
16562,2
16568,2
16572,5
16583,1
16586,1
16594,2
16597,2
16605,3
16611,3
16616,1
16618,6
16619,2
16623,2
16627,5
16631,1
16643,3
16645,2
16661,1
16663,1
16664,1
16688,2
16689,1
16698,1
16700,7
16706,1
16712,7
16717,2
16721,4
16722,2
16728,1
16735,5
16743,6
16744,1
16745,6
16757,1
16767,2
16779,1
16783,3
16789,1
16791,1
16795,1
16799,2
16816,2
16818,2
16834,3
16836,2
16839,2
16848,2
16850,2
16854,2
16859,5
16862,2
16866,5
16870,7
16881,6
16882,2
16889,1
16894,1
16899,1
16903,2
16905,1
16906,2
16907,2
16922,2
16924,2
16926,1
16933,2
16938,2
16944,2
16955,2
16958,1
16959,1
16961,2
16972,2
16977,1
16980,7
16986,1
16992,2
16999,2
17000,2
17018,2
17024,2
17030,1
17038,1
17049,1
17060,2
17064,1
17070,7
17077,7
17078,2
17087,2
17092,2
17105,2
17110,1
17112,1
17114,2
17116,2
17121,2
17129,2
17131,2
17134,1
17140,1
17142,1
17145,2
17146,2
17155,2
17161,7
17170,1
17178,2
17191,4
17195,1
17207,3
17208,2
17211,6
17216,2
17217,1
17235,3
17240,2
17241,2
17247,1
17249,3
17260,2
17262,2
17265,2
17268,1
17269,2
17272,2
17276,2
17279,2
17284,2
17293,7
17298,2
17309,2
17318,1
17319,2
17329,2
17334,2
17342,1
17345,2
17346,4
17350,1
17360,1
17365,1
17369,2
17383,2
17386,2
17397,1
17398,2
17399,2
17400,1
17401,2
17402,2
17406,6
17407,2
17408,2
17415,1
17428,2
17436,2
17437,7
17441,2
17446,1
17454,1
17458,2
17474,1
17486,1
17487,2
17488,2
17492,2
17499,7
17504,2
17507,3
17508,1
17509,1
17510,2
17513,1
17517,1
17518,1
17540,1
17541,2
17544,1
17548,5
17568,2
17574,2
17575,2
17579,6
17592,1
17595,1
17596,2
17599,2
17607,1
17611,7
17613,2
17617,2
17619,1
17621,1
17628,2
17643,2
17656,3
17657,2
17662,1
17665,2
17670,2
17672,2
17675,2
17676,2
17692,2
17697,3
17699,6
17700,3
17709,5
17710,2
17733,1
17738,2
17742,5
17746,2
17750,1
17751,1
17752,2
17768,2
17787,2
17793,2
17796,1
17803,1
17807,2
17808,2
17816,2
17817,1
17821,2
17824,2
17825,3
17827,1
17829,2
17841,2
17847,2
17854,1
17859,2
17876,1
17877,2
17881,2
17883,2
17903,6
17905,2
17935,2
17937,2
17940,1
17956,2
17963,2
17964,1
17969,2
17973,2
17974,1
17976,2
17998,2
18012,2
18013,2
18023,1
18025,1
18026,3
18032,2
18052,3
18054,1
18058,1
18060,1
18061,2
18067,2
18075,1
18076,4
18081,1
18083,1
18089,3
18094,2
18103,1
18108,2
18119,1
18122,1
18123,2
18127,1
18130,2
18133,2
18141,2
18144,5
18146,2
18148,1
18157,6
18159,1
18164,2
18165,1
18186,1
18199,2
18224,1
18230,2
18232,2
18236,6
18242,1
18243,2
18246,2
18251,1
18258,3
18265,1
18266,1
18270,1
18273,3
18278,1
18280,1
18282,1
18290,1
18291,5
18292,2
18293,1
18294,3
18295,2
18313,2
18319,2
18330,2
18336,3
18348,2
18356,1
18386,1
18397,2
18399,2
18406,1
18416,2
18426,1
18430,1
18440,2
18464,3
18471,1
18475,1
18478,2
18483,2
18484,1
18485,3
18489,1
18492,6
18494,2
18502,2
18506,1
18510,2
18526,2
18531,1
18533,2
18534,1
18535,2
18536,2
18539,2
18546,2
18569,2
18573,6
18578,1
18581,1
18592,1
18593,1
18595,2
18609,1
18610,2
18611,2
18613,1
18636,2
18637,1
18649,1
18653,2
18659,2
18660,1
18663,2
18675,1
18680,6
18690,1
18705,2
18709,2
18710,2
18718,2
18719,1
18734,1
18743,3
18757,1
18760,1
18777,6
18778,2
18786,1
18788,2
18793,1
18809,7
18810,3
18814,3
18827,3
18830,1
18832,7
18834,7
18840,2
18861,2
18865,2
18867,1
18870,6
18871,2
18872,2
18881,2
18883,2
18887,1
18890,2
18892,2
18907,2
18915,1
18919,1
18920,1
18943,1
18944,2
18947,1
18952,1
18963,1
18964,2
18974,1
18976,2
18982,2
18983,2
19001,2
19007,2
19013,1
19031,7
19042,2
19052,2
19055,2
19060,2
19064,2
19067,1
19068,1
19070,2
19073,2
19074,3
19080,2
19081,2
19086,2
19092,1
19093,7
19099,2
19113,1
19121,1
19131,1
19137,1
19138,2
19143,7
19150,2
19154,2
19156,1
19162,1
19175,2
19186,1
19190,1
19193,2
19199,2
19210,2
19234,1
19238,1
19243,1
19247,1
19249,2
19251,2
19254,2
19255,1
19257,2
19258,2
19259,1
19271,1
19273,1
19281,2
19283,6
19288,2
19290,7
19297,2
19301,2
19305,2
19306,2
19311,3
19312,2
19313,1
19317,2
19322,2
19326,2
19337,2
19339,7
19341,2
19351,2
19354,1
19362,2
19369,1
19371,2
19375,3
19379,1
19380,1
19381,2
19399,2
19401,2
19404,6
19407,3
19411,2
19413,1
19425,2
19436,1
19437,3
19438,1
19446,3
19459,1
19471,1
19474,1
19482,2
19485,1
19486,1
19487,2
19494,1
19499,3
19505,1
19512,2
19523,2
19532,7
19535,1
19549,1
19550,1
19554,2
19583,1
19591,2
19596,2
19601,1
19622,3
19628,2
19629,1
19631,1
19637,3
19638,6
19648,5
19650,2
19652,2
19657,1
19664,1
19671,3
19677,7
19682,3
19683,1
19691,6
19692,2
19711,2
19718,1
19732,2
19733,2
19734,2
19735,7
19740,1
19745,1
19748,1
19750,1
19752,1
19754,2
19759,2
19761,1
19762,2
19764,1
19771,1
19775,1
19776,2
19794,7
19807,2
19811,3
19814,2
19827,2
19829,1
19832,1
19843,2
19846,1
19860,2
19862,1
19865,1
19867,2
19874,1
19877,1
19881,2
19888,1
19890,6
19894,2
19902,7
19904,2
19919,2
19920,2
19933,1
19935,2
19942,3
19945,2
19946,2
19950,2
19962,2
19969,2
19972,2
19975,3
19986,4
20008,2
20010,1
20015,2
20018,2
20019,2
20023,1
20026,2
20030,1
20036,1
20038,2
20040,2
20048,1
20060,2
20062,2
20064,1
20065,2
20067,2
20068,2
20082,2
20085,7
20088,5
20089,2
20092,1
20100,1
20104,2
20107,2
20120,3
20133,2
20135,1
20139,2
20140,2
20148,2
20160,2
20165,2
20168,2
20173,2
20181,5
20196,7
20198,1
20205,7
20208,7
20211,1
20215,6
20225,1
20232,1
20238,7
20239,2
20241,6
20249,2
20255,2
20274,2
20284,2
20285,1
20288,3
20297,3
20304,6
20330,2
20340,2
20347,2
20348,3
20371,7
20381,2
20384,2
20387,2
20388,1
20397,1
20421,2
20422,1
20426,1
20428,2
20430,2
20440,1
20445,2
20450,2
20451,2
20452,2
20459,1
20464,2
20474,2
20476,1
20480,2
20489,1
20490,2
20497,2
20498,2
20499,1
20501,2
20512,1
20553,2
20558,1
20560,7
20564,1
20570,4
20574,7
20582,1
20593,2
20595,2
20607,1
20608,1
20612,1
20616,2
20619,1
20621,2
20635,2
20636,1
20653,2
20664,6
20674,2
20677,2
20681,1
20702,1
20703,2
20707,7
20711,1
20714,1
20718,2
20725,2
20729,3
20732,1
20741,2
20745,1
20747,1
20749,2
20753,6
20754,5
20759,2
20771,1
20774,2
20781,2
20791,1
20793,2
20800,2
20801,2
20802,5
20811,2
20812,4
20818,1
20837,1
20840,2
20852,2
20856,2
20860,2
20862,2
20879,2
20886,2
20888,3
20890,1
20892,5
20893,1
20906,4
20910,3
20911,3
20918,3
20921,1
20923,2
20927,3
20929,1
20930,1
20936,1
20950,2
20962,2
20972,3
20974,2
20975,1
20991,2
20992,2
20996,1
21003,1
21007,1
21018,1
21027,2
21043,2
21055,1
21058,3
21060,2
21078,2
21082,1
21095,2
21104,2
21119,2
21128,1
21138,2
21148,1
21151,2
21159,1
21160,2
21161,2
21175,1
21176,1
21183,2
21191,1
21217,1
21220,1
21225,2
21230,2
21244,2
21246,2
21265,2
21269,1
21276,2
21285,1
21289,2
21290,1
21297,2
21306,3
21309,7
21320,1
21330,1
21339,7
21342,2
21358,2
21361,2
21362,2
21363,2
21375,2
21376,2
21388,2
21389,1
21390,3
21392,2
21413,3
21414,2
21427,2
21432,2
21455,2
21462,1
21464,2
21468,2
21469,1
21471,2
21472,2
21474,2
21490,6
21503,3
21513,2
21514,2
21515,1
21523,7
21531,2
21550,2
21560,1
21561,1
21568,3
21575,1
21579,1
21586,2
21595,3
21602,1
21605,1
21616,2
21618,1
21623,1
21625,5
21628,1
21632,5
21633,2
21661,2
21662,6
21663,2
21664,1
21677,3
21682,6
21683,2
21703,2
21708,1
21712,1
21714,6
21717,2
21718,2
21721,2
21722,2
21725,2
21733,2
21742,2
21754,2
21755,1
21760,2
21764,1
21769,3
21775,2
21786,2
21787,1
21788,7
21800,1
21812,2
21824,1
21828,1
21837,2
21839,2
21866,1
21867,1
21876,2
21878,2
21880,2
21882,1
21887,2
21890,2
21893,1
21898,2
21899,3
21904,2
21912,1
21913,2
21918,1
21929,2
21933,2
21936,2
21938,1
21946,3
21958,3
21964,2
21965,2
21967,2
21978,2
21984,2
21991,1
21996,2
22008,2
22010,7
22011,2
22013,2
22017,1
22018,2
22021,3
22031,2
22052,1
22058,2
22072,1
22078,7
22084,1
22085,2
22090,2
22096,1
22097,1
22099,7
22105,2
22109,2
22114,2
22119,2
22120,3
22128,2
22131,7
22133,1
22141,2
22149,2
22151,2
22159,2
22187,2
22197,1
22200,1
22202,2
22219,1
22229,1
22236,2
22238,1
22250,2
22251,1
22252,1
22256,3
22257,2
22279,1
22288,1
22289,2
22290,2
22296,2
22302,2
22314,7
22316,1
22327,1
22336,1
22341,2
22346,5
22366,2
22370,2
22377,2
22379,1
22382,3
22389,4
22392,6
22400,2
22435,1
22438,2
22439,2
22442,2
22467,1
22476,2
22485,7
22486,2
22494,2
22496,2
22498,2
22511,2
22515,1
22523,1
22526,2
22527,1
22529,1
22535,3
22538,1
22541,2
22547,1
22548,1
22551,2
22566,5
22568,2
22571,2
22579,1
22580,1
22594,2
22598,1
22600,2
22605,2
22609,1
22621,2
22627,2
22629,2
22631,1
22637,2
22643,1
22651,3
22657,2
22660,1
22679,1
22685,2
22693,2
22697,1
22699,1
22708,2
22710,3
22726,2
22730,2
22731,1
22733,1
22734,2
22744,2
22745,2
22751,1
22752,2
22759,1
22767,2
22768,1
22779,2
22785,2
22791,1
22793,1
22822,2
22823,3
22826,2
22833,1
22835,1
22838,7
22849,7
22861,6
22862,1
22865,2
22879,2
22882,2
22887,2
22892,2
22907,1
22915,2
22930,2
22936,2
22937,2
22943,1
22959,1
22967,1
22968,3
22972,2
22978,2
22985,1
23005,2
23021,2
23022,6
23025,2
23028,2
23030,2
23032,2
23036,1
23046,1
23049,2
23050,1
23055,2
23057,3
23062,2
23074,2
23083,1
23084,2
23087,2
23090,1
23092,2
23102,2
23103,2
23104,2
23116,2
23120,1
23122,2
23128,1
23141,1
23145,2
23166,7
23173,2
23174,1
23175,3
23177,1
23199,2
23208,2
23223,1
23226,1
23241,2
23244,2
23247,2
23255,1
23257,1
23258,3
23285,1
23286,2
23295,5
23302,1
23304,1
23320,7
23322,1
23332,2
23333,2
23345,1
23346,2
23350,1
23355,1
23359,7
23363,1
23365,1
23367,2
23373,2
23375,2
23376,2
23378,2
23379,2
23381,2
23391,2
23395,1
23409,1
23410,2
23417,3
23419,1
23421,2
23424,2
23439,2
23443,1
23447,2
23460,3
23463,1
23467,2
23469,2
23478,6
23484,3
23503,2
23504,1
23507,2
23511,2
23515,1
23519,6
23520,2
23539,2
23540,1
23541,1
23546,1
23547,2
23563,2
23565,3
23570,1
23593,2
23594,1
23595,1
23596,1
23607,2
23609,2
23610,1
23614,2
23616,1
23624,2
23625,1
23627,2
23629,2
23634,2
23644,2
23656,2
23658,1
23659,1
23662,1
23664,5
23666,2
23682,1
23688,1
23696,1
23699,2
23714,1
23718,2
23728,2
23735,3
23744,2
23747,1
23750,1
23751,1
23756,7
23774,6
23780,2
23786,2
23787,1
23789,2
23796,2
23802,2
23803,1
23806,2
23809,2
23811,2
23820,2
23831,1
23832,3
23833,2
23837,1
23840,2
23843,1
23857,3
23861,1
23868,3
23872,2
23882,1
23884,1
23888,2
23890,2
23897,2
23907,1
23908,1
23911,6
23924,4
23929,2
23933,1
23942,1
23943,1
23944,1
23949,3
23952,1
23955,3
23957,2
23959,1
23963,2
23977,2
23978,2
23994,7
24004,2
24016,1
24019,1
24029,2
24041,2
24052,1
24053,2
24055,1
24062,2
24068,1
24087,3
24092,1
24096,1
24099,6
24112,2
24113,1
24122,1
24123,2
24124,2
24142,2
24151,2
24156,4
24168,1
24173,1
24181,1
24183,1
24192,2
24193,2
24194,1
24195,3
24198,2
24199,1
24208,2
24217,2
24220,2
24226,2
24236,1
24249,1
24254,2
24256,1
24270,2
24272,2
24274,1
24281,2
24288,2
24294,2
24297,2
24300,1
24304,1
24315,1
24329,7
24331,1
24350,2
24366,1
24373,1
24377,1
24380,5
24385,1
24389,1
24390,1
24393,2
24397,3
24405,2
24409,3
24414,2
24421,1
24422,7
24424,2
24435,1
24438,2
24443,1
24447,2
24454,3
24458,2
24469,1
24471,1
24487,1
24490,2
24493,2
24496,2
24499,1
24500,1
24508,1
24509,1
24516,2
24523,2
24524,6
24536,2
24538,1
24541,2
24542,5
24543,1
24554,2
24562,1
24566,2
24569,2
24573,6
24581,3
24588,2
24589,2
24593,1
24601,2
24604,2
24606,2
24609,1
24610,2
24615,1
24616,1
24625,1
24628,1
24645,3
24658,2
24678,2
24689,1
24694,1
24697,2
24711,3
24712,2
24713,2
24717,1
24730,7
24733,7
24737,2
24756,2
24765,2
24766,2
24770,1
24782,1
24792,2
24802,2
24806,2
24809,1
24810,2
24812,3
24815,2
24821,2
24822,2
24823,2
24826,2
24846,1
24858,1
24861,1
24862,1
24869,2
24872,1
24881,6
24883,2
24888,2
24889,2
24896,1
24903,2
24911,2
24918,1
24926,2
24927,1
24928,2
24949,1
24952,7
24954,2
24956,1
24962,1
24968,2
24969,2
24974,2
24982,2
24983,1
24988,2
24993,1
24998,2
25000,1
25013,2
25020,6
25024,2
25026,2
25027,2
25028,1
25031,1
25033,1
25042,1
25045,2
25050,1
25060,7
25067,2
25069,2
25077,1
25080,1
25083,2
25094,2
25096,2
25102,1
25105,1
25108,2
25120,1
25131,2
25133,2
25139,2
25150,2
25157,1
25166,1
25167,2
25171,2
25173,2
25175,2
25178,2
25190,3
25198,2
25202,2
25212,2
25221,3
25247,6
25252,2
25253,2
25256,2
25273,2
25280,1
25281,2
25293,1
25295,1
25298,2
25299,2
25302,3
25305,1
25310,1
25321,2
25323,2
25327,2
25329,1
25334,1
25335,1
25336,2
25342,2
25351,1
25364,2
25365,2
25376,2
25377,2
25382,1
25384,3
25385,1
25388,2
25390,1
25395,2
25414,2
25416,2
25420,1
25429,2
25433,1
25439,1
25445,1
25451,1
25454,1
25456,1
25469,1
25474,1
25475,2
25482,2
25483,1
25485,1
25487,6
25489,3
25495,1
25501,1
25511,1
25513,1
25526,1
25527,2
25529,5
25545,5
25548,2
25554,2
25558,2
25561,1
25565,2
25572,1
25575,2
25585,1
25592,2
25596,2
25599,2
25605,7
25608,3
25613,2
25616,6
25620,2
25628,1
25632,2
25642,1
25643,2
25646,1
25655,1
25662,2
25666,5
25670,1
25672,2
25676,1
25688,1
25708,3
25711,2
25713,2
25717,2
25725,5
25730,2
25735,2
25744,2
25756,1
25762,2
25764,3
25766,2
25769,2
25772,1
25779,6
25785,3
25808,2
25827,2
25831,2
25834,2
25840,1
25875,2
25880,2
25883,1
25895,3
25899,2
25901,2
25925,3
25926,2
25933,1
25938,2
25945,1
25958,2
25960,1
25964,2
25967,1
25969,1
25976,1
25978,2
25988,3
25989,2
25995,1
26000,1
26003,2
26009,2
26016,1
26021,1
26022,3
26028,7
26042,2
26043,7
26048,6
26050,1
26055,3
26074,2
26078,1
26089,1
26109,1
26110,2
26122,2
26125,2
26127,2
26133,1
26138,1
26139,1
26140,2
26141,1
26145,2
26152,2
26155,2
26156,7
26158,2
26166,1
26170,2
26175,1
26179,3
26189,2
26201,6
26210,1
26213,2
26215,7
26222,3
26242,2
26246,2
26259,2
26260,2
26264,1
26265,2
26283,2
26288,2
26298,2
26302,3
26303,1
26324,2
26330,2
26339,1
26340,2
26345,3
26346,7
26349,2
26358,7
26360,1
26362,2
26371,2
26376,2
26377,2
26385,2
26386,1
26390,1
26400,2
26421,2
26426,2
26428,1
26430,2
26433,1
26435,6
26448,2
26460,2
26461,2
26467,2
26472,1
26475,2
26480,2
26487,3
26504,2
26506,2
26515,1
26524,2
26525,2
26526,1
26533,1
26537,2
26545,2
26549,1
26560,2
26564,1
26570,2
26573,1
26574,2
26577,2
26580,1
26594,3
26601,1
26612,2
26628,3
26641,1
26646,1
26671,2
26678,2
26691,2
26702,2
26705,1
26707,2
26712,2
26720,2
26722,2
26733,2
26747,2
26755,1
26765,1
26766,1
26774,7
26778,1
26780,2
26782,1
26798,1
26800,2
26805,2
26810,2
26823,1
26824,2
26826,1
26834,2
26835,2
26838,2
26840,2
26847,1
26852,1
26867,3
26872,2
26874,2
26879,2
26886,1
26905,2
26907,1
26916,1
26923,1
26924,2
26928,1
26934,1
26936,1
26941,1
26948,1
26954,2
26959,2
26965,2
26966,1
26974,1
26976,1
26984,2
26986,2
26989,2
27002,2
27004,2
27008,2
27016,5
27025,1
27028,2
27033,3
27035,2
27037,1
27050,2
27077,7
27078,1
27086,1
27092,1
27096,2
27099,2
27101,5
27103,6
27107,2
27110,3
27113,1
27117,1
27118,1
27119,1
27132,2
27138,2
27141,5
27150,1
27151,2
27157,2
27164,2
27183,2
27184,1
27192,1
27193,2
27195,7
27197,1
27198,1
27204,2
27211,2
27218,1
27245,2
27252,6
27282,1
27291,1
27317,2
27320,1
27338,2
27339,2
27349,2
27361,1
27364,7
27370,2
27385,1
27387,2
27388,2
27402,1
27410,2
27411,3
27423,1
27427,7
27433,2
27438,2
27450,1
27460,5
27464,2
27476,2
27482,1
27485,1
27486,2
27500,1
27505,1
27506,7
27525,2
27529,1
27532,1
27538,1
27539,1
27552,2
27553,1
27558,1
27561,2
27566,1
27569,2
27572,2
27576,1
27580,3
27582,2
27589,1
27594,1
27599,1
27602,7
27603,2
27607,2
27616,2
27619,3
27620,3
27624,1
27637,1
27657,2
27661,7
27670,1
27700,2
27704,1
27713,5
27716,1
27720,2
27724,1
27737,6
27739,2
27745,3
27749,1
27751,1
27756,2
27770,2
27774,1
27775,2
27776,2
27779,1
27781,1
27789,1
27793,2
27797,4
27801,2
27804,2
27806,2
27808,2
27813,2
27815,1
27829,2
27832,1
27839,2
27842,2
27845,2
27851,1
27853,2
27854,5
27866,3
27872,1
27874,7
27875,1
27876,2
27879,1
27889,2
27891,2
27894,1
27897,2
27899,1
27911,2
27924,3
27929,4
27947,3
27951,2
27958,1
27962,2
27967,1
27970,1
27999,2
28001,3
28007,1
28010,2
28011,2
28041,2
28042,2
28045,1
28065,2
28080,1
28084,2
28091,1
28103,1
28106,2
28119,1
28124,6
28126,2
28128,2
28141,2
28142,3
28152,2
28154,2
28155,2
28159,1
28162,6
28163,1
28165,2
28166,2
28172,1
28177,1
28180,1
28181,1
28182,1
28186,2
28189,1
28190,3
28212,2
28215,2
28222,1
28227,1
28243,3
28244,2
28247,2
28248,1
28258,2
28260,1
28274,1
28278,1
28280,1
28285,3
28287,2
28292,2
28293,1
28297,7
28303,1
28322,2
28347,1
28359,2
28362,1
28363,2
28367,2
28370,3
28373,1
28375,2
28377,1
28386,2
28394,2
28405,2
28410,2
28412,2
28423,7
28429,2
28430,5
28436,2
28462,2
28466,1
28476,2
28487,5
28490,1
28492,2
28493,1
28498,2
28500,3
28506,2
28509,2
28510,2
28523,1
28525,3
28526,6
28527,2
28528,1
28531,2
28533,1
28545,5
28558,2
28569,1
28572,2
28575,1
28576,2
28582,3
28592,1
28595,1
28611,3
28612,1
28626,1
28628,2
28629,3
28630,1
28642,2
28649,1
28669,2
28678,2
28695,1
28703,2
28711,2
28715,2
28723,2
28725,2
28740,1
28744,2
28745,3
28746,1
28751,2
28760,6
28771,2
28795,1
28797,2
28801,1
28802,1
28805,1
28809,1
28813,3
28815,1
28824,2
28827,2
28835,2
28838,1
28846,2
28856,3
28860,2
28865,5
28866,2
28867,2
28872,1
28877,4
28879,2
28889,2
28901,2
28903,1
28915,1
28920,2
28929,1
28941,3
28942,7
28944,2
28951,2
28955,1
28956,1
28958,1
28974,2
28992,1
29004,2
29009,1
29014,2
29024,2
29030,1
29037,2
29046,2
29055,2
29073,1
29076,2
29081,7
29089,1
29111,2
29139,1
29141,4
29162,2
29164,2
29197,2
29205,6
29206,6
29220,2
29223,1
29224,1
29227,2
29231,1
29240,2
29242,3
29243,1
29247,2
29250,1
29251,2
29256,1
29258,1
29274,2
29275,1
29277,7
29279,2
29282,3
29294,2
29295,2
29306,1
29307,2
29319,6
29326,2
29337,2
29351,2
29352,2
29357,1
29362,2
29366,6
29368,1
29383,2
29393,5
29397,1
29404,3
29405,2
29411,1
29413,5
29418,2
29421,1
29422,1
29431,2
29433,2
29434,2
29444,2
29449,1
29451,7
29452,2
29457,2
29466,2
29469,2
29477,1
29487,2
29489,2
29506,1
29518,5
29520,1
29536,1
29538,2
29540,1
29544,2
29555,2
29556,2
29560,2
29561,1
29572,6
29579,1
29588,2
29594,2
29597,1
29601,2
29610,1
29623,2
29625,5
29632,2
29635,1
29641,1
29645,2
29648,2
29650,2
29653,2
29654,1
29657,2
29662,2
29671,7
29672,2
29673,1
29676,2
29677,1
29684,2
29696,2
29705,1
29710,3
29718,5
29729,1
29733,1
29739,1
29741,2
29750,6
29760,1
29767,1
29778,2
29796,1
29808,3
29822,5
29828,2
29831,2
29840,2
29844,2
29845,2
29853,2
29882,1
29886,2
29897,1
29898,2
29914,6
29916,1
29918,6
29919,6
29924,1
29927,2
29935,1
29937,2
29942,1
29948,2
29950,1
29958,1
29968,1
29976,2
29985,3
29988,2
29995,2
29997,2
29999,2
30000,1
30006,1
30014,1
30017,1
30029,1
30032,2
30057,1
30058,2
30066,1
30069,4
30087,2
30088,2
30095,2
30097,2
30102,2
30114,2
30128,7
30130,1
30138,1
30153,5
30154,1
30164,1
30171,3
30182,1
30186,2
30188,2
30189,1
30193,1
30202,1
30232,2
30254,1
30257,2
30260,2
30265,1
30266,2
30274,1
30275,1
30276,2
30278,2
30282,2
30290,2
30296,1
30302,1
30303,3
30322,7
30330,1
30339,1
30345,1
30346,1
30350,2
30352,2
30361,2
30362,1
30364,7
30366,3
30368,2
30374,1
30385,1
30392,6
30394,2
30395,1
30399,1
30406,2
30416,1
30422,2
30424,2
30435,2
30439,2
30442,1
30454,1
30455,2
30458,1
30466,2
30467,5
30479,2
30483,1
30494,2
30496,5
30497,2
30498,2
30499,2
30501,2
30502,2
30504,1
30513,1
30516,2
30524,2
30526,7
30530,1
30535,2
30541,1
30542,1
30543,1
30549,1
30550,2
30551,1
30554,1
30563,2
30566,1
30568,2
30569,4
30573,2
30579,2
30581,2
30582,1
30583,2
30588,7
30594,2
30610,2
30628,1
30633,7
30639,2
30643,1
30646,3
30647,1
30649,2
30656,6
30665,1
30674,2
30687,1
30689,2
30691,3
30694,2
30695,2
30700,1
30718,3
30733,2
30735,1
30745,2
30747,2
30752,2
30759,5
30760,1
30764,2
30766,2
30780,2
30782,2
30784,1
30788,1
30792,2
30793,1
30795,2
30799,5
30813,2
30825,2
30827,1
30835,1
30842,2
30844,1
30863,1
30874,2
30894,2
30895,1
30910,1
30911,2
30915,7
30923,2
30955,1
30956,5
30958,2
30963,2
30966,2
30973,1
30976,6
30977,2
30985,2
31017,2
31027,2
31038,3
31055,1
31062,2
31072,1
31073,2
31084,7
31091,2
31095,2
31097,1
31104,2
31111,2
31112,1
31119,1
31127,1
31129,2
31131,5
31136,1
31160,2
31174,1
31180,1
31181,2
31189,1
31193,1
31217,2
31228,2
31230,1
31233,2
31236,2
31242,2
31258,2
31261,2
31267,5
31276,2
31289,2
31297,2
31301,2
31305,1
31307,2
31314,2
31318,2
31319,1
31327,2
31328,2
31333,3
31338,2
31349,3
31359,2
31364,3
31370,1
31373,2
31382,2
31384,1
31387,1
31417,1
31423,1
31424,2
31425,1
31429,2
31434,2
31435,2
31441,2
31456,1
31462,1
31467,1
31469,1
31479,2
31484,1
31486,1
31487,1
31489,1
31494,2
31500,2
31506,3
31509,1
31523,2
31524,1
31531,2
31532,1
31543,2
31546,3
31547,2
31552,1
31553,3
31558,2
31559,1
31560,2
31565,2
31569,2
31574,1
31578,2
31582,1
31594,2
31597,1
31599,2
31603,1
31604,2
31609,6
31613,1
31622,2
31624,1
31643,2
31644,2
31646,2
31655,4
31657,7
31659,7
31662,1
31664,2
31668,1
31670,3
31675,2
31677,1
31680,1
31682,2
31683,1
31705,5
31714,2
31716,1
31721,1
31722,1
31725,3
31728,2
31732,1
31744,2
31746,3
31756,1
31757,1
31767,2
31769,2
31776,2
31796,6
31797,2
31806,1
31807,3
31809,2
31819,2
31824,2
31825,6
31834,2
31848,3
31854,1
31866,1
31867,7
31869,1
31890,2
31893,2
31902,2
31906,2
31908,2
31913,2
31916,1
31918,1
31919,1
31930,7
31933,2
31939,1
31955,2
31964,1
31979,1
31994,2
31998,1
32003,2
32019,3
32024,6
32034,2
32038,1
32044,2
32047,2
32053,2
32061,3
32064,1
32069,2
32070,2
32073,6
32075,5
32086,6
32087,1
32091,2
32094,2
32097,1
32098,2
32105,2
32121,2
32122,1
32123,6
32124,2
32143,2
32155,5
32164,2
32168,6
32185,2
32188,2
32194,2
32202,1
32221,2
32224,2
32227,1
32250,1
32252,1
32273,6
32284,2
32285,3
32286,2
32294,2
32295,2
32309,6
32313,2
32321,6
32322,1
32327,1
32340,2
32351,1
32352,2
32361,2
32378,1
32380,2
32388,5
32390,1
32394,2
32403,2
32409,1
32424,2
32428,2
32430,1
32431,2
32438,1
32444,7
32450,2
32458,2
32476,2
32482,2
32485,2
32491,1
32492,2
32495,1
32500,3
32501,2
32507,2
32510,3
32511,2
32535,3
32536,2
32544,2
32548,2
32560,2
32566,1
32587,2
32589,2
32593,2
32597,7
32598,1
32603,1
32605,7
32619,1
32621,2
32622,2
32625,2
32626,2
32633,2
32635,1
32637,2
32638,2
32645,2
32648,2
32652,3
32658,1
32666,1
32688,1
32697,3
32709,2
32714,1
32721,2
32724,6
32725,1
32727,1
32729,2
32742,2
32751,1
32762,2
32765,7
32767,1
32770,3
32771,1
32798,7
32806,3
32807,2
32815,1
32817,1
32818,2
32826,2
32827,2
32839,1
32842,6
32850,2
32855,1
32866,2
32869,2
32870,3
32879,7
32881,2
32882,2
32883,2
32895,1
32901,2
32905,2
32907,1
32910,1
32916,7
32935,6
32938,2
32951,1
32960,2
32964,1
32965,1
32966,2
32968,2
32969,1
32977,2
32984,1
32991,2
33000,7
33006,1
33010,1
33015,1
33017,3
33024,1
33029,2
33032,2
33039,2
33041,2
33047,1
33052,1
33055,2
33058,1
33061,1
33073,2
33075,2
33076,1
33085,1
33093,2
33097,5
33098,1
33108,2
33109,3
33117,2
33119,7
33134,7
33137,1
33140,2
33141,2
33144,2
33145,1
33152,7
33162,2
33165,6
33175,1
33176,2
33178,3
33179,2
33187,2
33192,2
33197,1
33199,1
33202,1
33210,1
33213,1
33217,1
33218,1
33223,3
33230,2
33231,2
33236,2
33245,1
33248,2
33259,2
33260,2
33261,1
33264,2
33275,3
33276,2
33277,2
33281,1
33291,3
33292,3
33296,7
33302,2
33305,3
33312,5
33318,2
33325,2
33327,6
33328,2
33330,2
33336,2
33338,2
33344,5
33351,2
33354,2
33359,1
33376,2
33380,2
33387,1
33403,7
33408,2
33413,2
33415,2
33425,1
33426,2
33427,1
33439,2
33441,2
33443,2
33444,1
33449,2
33450,2
33460,2
33464,2
33475,1
33486,2
33514,1
33515,1
33526,2
33528,2
33530,1
33534,1
33540,6
33545,1
33557,2
33566,2
33567,1
33568,1
33578,2
33584,1
33593,2
33602,2
33612,1
33622,1
33631,2
33634,2
33644,2
33654,1
33657,2
33665,1
33667,3
33670,2
33678,2
33682,1
33691,1
33692,1
33693,2
33694,2
33710,1
33712,2
33714,3
33715,2
33728,1
33732,2
33735,5
33744,2
33757,1
33792,2
33793,2
33795,3
33805,1
33809,2
33813,1
33817,6
33824,1
33838,2
33842,2
33843,2
33844,2
33857,5
33861,1
33870,2
33875,2
33889,2
33892,1
33893,1
33900,2
33905,1
33915,2
33919,2
33929,2
33937,2
33943,6
33945,1
33955,1
33960,7
33964,2
33978,1
33983,1
33984,2
33987,2
33988,3
33990,1
34003,2
34005,1
34011,1
34013,2
34019,2
34025,2
34032,2
34035,2
34045,1
34060,1
34067,2
34080,7
34091,2
34097,1
34098,1
34099,2
34100,2
34103,2
34105,2
34110,2
34111,7
34113,2
34123,2
34129,2
34132,2
34137,2
34142,2
34157,1
34161,1
34174,1
34179,2
34183,2
34207,2
34210,1
34214,2
34229,2
34230,2
34234,2
34239,1
34244,2
34245,2
34246,3
34250,2
34253,1
34256,2
34265,1
34266,1
34269,1
34270,2
34282,2
34297,2
34305,1
34306,2
34307,2
34309,1
34311,3
34314,2
34321,2
34327,1
34334,1
34345,2
34347,1
34351,2
34355,2
34357,1
34363,2
34371,3
34375,1
34377,2
34381,2
34382,1
34384,1
34386,2
34410,1
34418,2
34419,2
34429,1
34437,1
34443,2
34447,2
34464,1
34473,1
34474,1
34475,1
34485,1
34493,2
34494,1
34498,6
34500,1
34511,7
34514,2
34516,1
34521,3
34524,3
34529,1
34535,2
34536,2
34544,3
34548,7
34556,2
34557,1
34558,2
34562,1
34569,1
34576,1
34586,2
34587,2
34600,2
34605,1
34614,2
34628,4
34629,7
34630,1
34632,1
34638,7
34641,2
34646,1
34647,2
34648,2
34651,5
34652,1
34653,1
34659,7
34663,2
34667,2
34668,2
34693,1
34700,2
34706,2
34712,2
34727,2
34730,2
34737,2
34739,7
34741,1
34745,2
34746,1
34763,2
34765,2
34783,1
34787,2
34788,2
34800,1
34801,2
34806,3
34807,2
34817,1
34819,1
34831,2
34836,3
34840,2
34843,2
34849,2
34852,3
34854,1
34859,1
34860,1
34861,1
34862,6
34864,2
34866,1
34869,1
34873,6
34874,2
34896,3
34903,1
34906,2
34911,3
34914,3
34937,1
34967,2
34976,2
34978,2
34981,1
34993,2
34999,1
35007,2
35009,7
35013,2
35017,6
35027,2
35047,7
35067,2
35071,2
35077,2
35086,2
35095,1
35099,2
35110,1
35115,3
35117,5
35126,7
35157,1
35167,2
35176,2
35179,2
35182,2
35184,2
35192,2
35193,2
35195,2
35218,1
35220,2
35226,2
35237,1
35248,2
35252,2
35267,2
35268,2
35273,2
35289,2
35291,2
35295,6
35300,2
35302,1
35305,2
35313,2
35322,2
35326,1
35334,2
35335,6
35336,2
35344,2
35347,1
35356,6
35365,2
35368,2
35377,1
35381,1
35382,2
35384,2
35392,1
35394,1
35397,7
35406,1
35407,1
35411,1
35412,2
35414,1
35420,2
35422,2
35428,7
35430,1
35436,3
35438,2
35442,7
35461,2
35467,1
35469,1
35472,1
35478,1
35492,1
35495,1
35499,3
35506,2
35517,3
35523,1
35524,2
35550,2
35553,2
35557,2
35561,2
35562,2
35569,2
35579,1
35608,2
35617,5
35618,1
35643,2
35651,3
35654,3
35659,2
35661,1
35668,6
35672,2
35675,2
35676,1
35708,7
35721,1
35724,2
35727,3
35731,7
35732,1
35733,2
35740,1
35744,1
35753,2
35781,1
35800,5
35804,2
35823,1
35829,7
35845,2
35852,2
35854,5
35856,1
35858,2
35862,1
35868,2
35871,2
35878,2
35880,2
35881,5
35882,1
35883,1
35890,2
35894,1
35898,5
35899,2
35900,1
35903,2
35912,1
35929,1
35933,2
35937,1
35941,2
35950,1
35954,2
35957,7
35968,5
35970,1
35975,1
35985,1
35988,1
36010,3
36012,3
36014,2
36019,1
36022,1
36043,7
36048,1
36049,1
36059,1
36062,7
36073,3
36076,2
36080,2
36088,2
36091,1
36094,2
36103,3
36108,2
36114,1
36122,2
36125,2
36127,6
36144,2
36158,1
36169,3
36171,2
36173,1
36181,7
36185,2
36189,2
36194,2
36196,2
36211,1
36215,2
36223,1
36226,1
36233,3
36237,1
36238,2
36241,2
36244,1
36260,3
36271,2
36275,2
36278,3
36283,2
36296,2
36297,2
36306,2
36310,2
36318,1
36337,1
36343,2
36348,1
36350,2
36358,2
36363,2
36367,1
36369,2
36370,1
36380,2
36384,2
36396,1
36401,1
36423,4
36425,1
36430,1
36431,1
36433,1
36440,5
36445,2
36447,1
36463,3
36471,2
36476,2
36479,1
36482,2
36496,2
36497,3
36515,2
36518,1
36520,2
36524,1
36536,7
36549,2
36552,2
36556,1
36557,1
36562,2
36578,2
36579,2
36584,1
36594,2
36600,1
36610,1
36617,1
36619,2
36620,2
36625,1
36628,2
36629,2
36637,1
36641,1
36648,1
36656,1
36661,2
36671,2
36681,2
36683,1
36696,2
36698,2
36700,3
36712,2
36715,6
36720,1
36724,2
36727,1
36740,2
36742,2
36749,1
36756,1
36760,2
36767,5
36777,3
36789,7
36799,1
36804,2
36817,6
36819,2
36825,1
36828,2
36831,2
36836,6
36851,1
36866,2
36868,2
36870,2
36883,2
36896,1
36899,3
36916,1
36921,2
36926,1
36933,7
36934,1
36936,2
36956,5
36961,2
36964,2
36966,2
36969,2
36976,2
36978,2
36983,6
36987,2
36999,2
37015,2
37030,2
37031,2
37033,1
37043,1
37047,2
37048,2
37055,2
37057,1
37060,1
37064,2
37071,2
37081,3
37085,1
37092,2
37102,1
37104,2
37105,3
37108,6
37114,1
37121,2
37130,1
37160,1
37164,7
37166,3
37168,1
37170,2
37189,2
37196,1
37212,2
37218,1
37219,2
37222,2
37226,7
37228,7
37233,1
37242,1
37247,2
37253,2
37256,2
37257,1
37258,2
37263,1
37265,2
37271,1
37272,1
37280,2
37291,1
37297,1
37299,1
37307,2
37311,4
37318,1
37338,1
37347,1
37350,1
37352,1
37360,1
37361,2
37362,1
37367,2
37384,1
37385,2
37387,1
37395,1
37398,2
37403,2
37409,1
37410,2
37412,2
37415,3
37416,7
37417,2
37425,1
37427,1
37432,1
37433,2
37444,2
37453,1
37460,7
37463,3
37469,1
37481,1
37487,2
37491,1
37499,1
37504,1
37510,1
37512,1
37522,2
37533,1
37536,3
37544,1
37561,2
37570,1
37573,1
37576,1
37593,3
37598,6
37606,7
37608,2
37611,1
37614,2
37639,6
37645,2
37654,2
37661,1
37666,2
37668,5
37679,1
37680,2
37683,4
37689,3
37693,1
37696,2
37713,1
37726,1
37728,1
37737,2
37738,1
37749,2
37751,1
37754,3
37761,1
37768,2
37778,1
37780,1
37781,2
37798,2
37814,1
37818,2
37822,6
37824,2
37843,1
37847,2
37854,1
37855,7
37857,1
37858,2
37863,2
37866,2
37894,2
37899,2
37903,1
37910,2
37912,1
37923,2
37924,2
37930,1
37936,2
37942,3
37943,2
37955,3
37971,2
37979,2
37980,1
37985,1
37990,2
38000,7
38007,2
38008,1
38011,1
38027,2
38029,1
38043,2
38052,2
38057,2
38059,1
38075,2
38076,2
38077,1
38078,2
38086,1
38092,1
38093,1
38094,3
38102,2
38105,2
38110,1
38112,1
38114,1
38119,2
38133,2
38152,2
38155,1
38161,1
38166,1
38167,2
38170,2
38171,1
38174,1
38192,1
38194,1
38196,6
38210,2
38228,1
38241,2
38242,1
38246,2
38249,3
38255,2
38258,2
38259,1
38264,2
38265,2
38272,2
38276,3
38279,2
38283,2
38286,1
38287,2
38288,1
38289,1
38299,1
38303,2
38304,2
38308,5
38310,1
38312,2
38333,1
38335,2
38337,2
38339,1
38341,2
38344,1
38354,3
38373,2
38379,4
38387,7
38396,2
38397,2
38405,2
38420,2
38438,1
38442,1
38444,2
38446,7
38449,2
38452,2
38463,2
38473,2
38475,1
38476,1
38483,2
38492,1
38532,1
38533,1
38540,1
38544,2
38545,2
38559,2
38560,2
38561,1
38564,1
38577,7
38579,2
38584,2
38588,2
38589,2
38593,1
38599,2
38606,1
38607,1
38614,6
38616,1
38620,7
38621,6
38633,7
38663,7
38668,1
38671,2
38676,2
38679,2
38684,2
38696,5
38703,2
38704,1
38716,3
38721,2
38722,1
38729,1
38743,2
38744,2
38746,2
38754,1
38767,2
38770,7
38771,2
38773,3
38776,5
38785,1
38791,6
38804,2
38807,2
38808,3
38810,1
38819,2
38824,2
38827,2
38835,2
38860,2
38866,2
38872,2
38874,1
38876,3
38878,5
38880,1
38881,7
38897,2
38920,1
38925,2
38926,2
38935,2
38936,2
38937,1
38943,2
38944,1
38948,1
38949,1
38951,3
38953,2
38965,2
38974,2
38981,2
38982,7
38986,2
38988,2
38992,1
38995,2
39007,2
39012,1
39016,2
39020,1
39025,2
39028,2
39041,1
39045,2
39047,2
39048,1
39067,2
39071,1
39073,6
39078,1
39079,1
39081,1
39085,3
39086,2
39097,7
39111,1
39116,2
39133,1
39134,2
39146,3
39157,2
39159,2
39162,1
39165,2
39173,2
39177,1
39182,1
39183,2
39186,2
39187,1
39197,7
39206,7
39211,1
39214,2
39231,1
39232,2
39237,6
39245,2
39250,2
39254,1
39264,7
39265,1
39269,6
39278,1
39281,2
39284,2
39294,2
39295,1
39300,1
39302,4
39317,1
39327,2
39330,1
39337,1
39344,1
39349,2
39350,3
39351,1
39358,2
39361,2
39362,1
39374,2
39377,6
39381,1
39386,2
39420,3
39422,1
39432,2
39433,1
39440,2
39441,2
39443,1
39444,1
39447,3
39454,5
39455,2
39458,5
39464,1
39474,2
39477,1
39481,2
39487,1
39488,1
39489,2
39491,1
39497,2
39504,1
39539,2
39552,1
39553,1
39558,2
39566,2
39569,1
39576,1
39579,1
39582,1
39584,3
39585,1
39592,1
39593,2
39594,2
39597,3
39604,2
39612,7
39623,5
39626,2
39639,2
39641,4
39647,2
39661,2
39662,1
39669,2
39671,2
39674,2
39682,1
39685,6
39689,2
39694,2
39699,2
39700,1
39710,2
39720,2
39722,2
39745,3
39755,2
39757,1
39764,2
39769,2
39774,2
39777,2
39787,1
39790,1
39795,3
39806,3
39808,2
39814,3
39818,1
39824,2
39826,3
39835,1
39842,2
39845,5
39850,1
39851,2
39864,2
39866,2
39873,1
39875,1
39877,2
39878,2
39885,2
39893,1
39894,2
39902,1
39904,1
39906,1
39907,1
39910,2
39912,1
39913,1
39915,7
39917,1
39927,2
39941,1
39943,1
39957,2
39970,7
39977,2
39982,1
39986,1
39988,2
39990,2
39998,1
39999,6
40021,2
40027,2
40031,1
40032,1
40055,2
40057,2
40063,2
40066,2
40068,1
40077,1
40083,2
40088,2
40089,2
40100,1
40108,1
40111,2
40112,1
40124,3
40129,1
40130,1
40159,6
40184,2
40189,1
40190,2
40202,2
40205,7
40208,2
40219,1
40220,2
40236,1
40280,2
40294,2
40298,5
40307,1
40325,6
40332,1
40336,2
40343,2
40345,3
40347,1
40351,2
40362,2
40365,2
40369,6
40373,2
40376,1
40380,1
40386,2
40388,1
40399,2
40402,3
40411,1
40421,3
40424,2
40434,3
40437,2
40443,2
40445,2
40446,2
40452,1
40459,2
40467,7
40472,1
40475,1
40478,2
40484,1
40487,2
40493,1
40495,3
40498,2
40503,2
40505,1
40513,2
40515,1
40517,2
40521,1
40527,7
40531,1
40540,1
40541,2
40555,2
40575,1
40576,6
40579,1
40583,1
40587,2
40591,1
40593,3
40598,1
40611,2
40623,1
40627,1
40644,2
40646,1
40651,2
40655,1
40658,1
40676,2
40680,2
40681,1
40697,2
40710,1
40720,1
40727,7
40733,1
40742,2
40743,2
40748,2
40753,3
40760,1
40763,2
40769,2
40773,1
40774,3
40780,1
40787,2
40789,1
40794,1
40795,6
40802,3
40810,6
40813,2
40833,1
40847,2
40849,2
40851,2
40853,3
40854,2
40855,2
40862,1
40866,2
40868,2
40877,2
40878,2
40881,2
40896,2
40901,2
40902,2
40916,1
40924,2
40936,2
40937,2
40943,2
40947,2
40954,6
40957,1
40961,3
40963,2
40972,1
40973,1
40989,1
40990,1
40995,2
41007,1
41022,2
41028,1
41046,2
41059,2
41060,2
41068,1
41074,1
41083,2
41084,1
41086,1
41090,1
41094,1
41095,2
41098,1
41104,2
41115,1
41132,1
41139,2
41140,2
41148,2
41167,7
41172,3
41173,2
41174,2
41178,2
41185,1
41187,2
41189,1
41192,1
41196,2
41199,2
41204,1
41215,1
41216,1
41220,1
41222,1
41234,2
41235,5
41236,2
41238,2
41239,1
41247,1
41250,1
41258,1
41271,1
41272,1
41280,1
41281,2
41291,5
41298,2
41302,2
41305,1
41309,1
41314,3
41323,2
41330,3
41340,2
41342,1
41345,6
41347,2
41349,2
41352,2
41358,2
41364,1
41371,2
41372,3
41378,3
41384,1
41394,1
41399,1
41408,2
41411,2
41412,2
41414,1
41418,1
41433,2
41439,1
41447,1
41454,1
41486,2
41496,1
41497,1
41506,2
41532,1
41536,1
41548,2
41549,2
41550,2
41557,2
41563,7
41568,1
41570,2
41571,3
41587,1
41599,1
41610,1
41617,1
41618,2
41623,2
41625,2
41626,1
41633,1
41640,1
41642,3
41651,2
41659,2
41660,1
41662,1
41668,2
41676,2
41681,2
41694,2
41698,2
41702,1
41703,7
41706,1
41716,1
41718,1
41720,2
41736,2
41742,2
41744,1
41755,2
41775,1
41778,1
41779,2
41793,1
41799,3
41801,2
41804,2
41810,6
41812,2
41814,1
41815,3
41822,2
41826,2
41833,2
41836,1
41838,3
41840,1
41847,1
41856,5
41866,1
41882,1
41886,1
41892,1
41902,7
41904,2
41910,3
41916,2
41924,1
41928,2
41933,3
41935,2
41952,1
41955,2
41964,2
41966,1
41974,2
41984,2
41988,1
41989,3
41993,2
41994,1
42001,2
42002,1
42003,2
42005,2
42008,2
42019,2
42028,2
42030,1
42032,6
42035,2
42036,2
42043,2
42051,2
42056,1
42057,2
42060,1
42061,2
42066,2
42068,7
42073,2
42076,2
42079,1
42082,1
42084,2
42092,2
42096,1
42099,1
42105,1
42108,2
42112,2
42119,2
42136,1
42139,2
42142,2
42151,2
42153,1
42155,1
42156,2
42160,2
42161,7
42174,2
42178,3
42181,2
42193,2
42194,6
42203,4
42208,1
42211,2
42216,1
42219,2
42228,3
42229,1
42231,2
42234,2
42235,2
42261,2
42271,3
42277,2
42294,6
42296,2
42315,2
42324,2
42339,2
42340,1
42343,2
42344,2
42346,2
42348,1
42365,1
42367,2
42371,2
42375,3
42377,2
42385,1
42386,3
42393,2
42394,2
42395,1
42398,1
42412,1
42417,2
42421,1
42422,1
42425,6
42426,7
42443,1
42444,2
42445,2
42447,1
42450,2
42451,1
42455,6
42456,2
42457,1
42461,1
42462,2
42469,1
42470,2
42473,2
42476,1
42486,7
42494,2
42495,2
42497,1
42514,2
42526,2
42536,4
42542,1
42547,2
42548,2
42558,2
42567,6
42574,1
42582,3
42589,2
42593,7
42601,3
42605,2
42608,2
42615,2
42621,1
42632,1
42651,1
42662,2
42672,2
42678,2
42679,1
42683,2
42700,1
42702,3
42710,3
42718,1
42723,2
42727,2
42731,1
42744,1
42749,2
42751,1
42754,2
42757,1
42761,2
42774,2
42775,1
42781,2
42784,2
42795,2
42796,2
42805,1
42818,2
42826,2
42828,2
42829,1
42840,1
42842,1
42848,1
42852,2
42856,2
42866,1
42867,4
42870,2
42873,1
42875,2
42894,6
42901,2
42906,2
42908,2
42909,2
42919,2
42921,2
42922,3
42923,2
42931,2
42937,2
42938,1
42941,2
42945,1
42949,2
42952,1
42956,2
42959,2
42960,2
42976,2
42980,3
42986,2
42993,2
42994,2
42996,2
42998,1
42999,2
43002,2
43007,2
43018,2
43028,2
43048,3
43062,2
43069,2
43091,1
43101,2
43107,2
43114,2
43116,2
43118,2
43128,2
43134,2
43140,2
43141,2
43149,1
43154,2
43155,1
43158,1
43168,2
43172,1
43177,2
43182,4
43195,6
43199,1
43208,1
43210,2
43211,2
43214,2
43223,1
43225,2
43258,1
43261,1
43265,2
43266,1
43267,7
43268,2
43273,2
43281,1
43283,1
43299,2
43300,1
43301,1
43313,2
43318,2
43320,2
43322,3
43323,2
43324,7
43339,2
43350,2
43355,7
43367,1
43372,1
43382,2
43393,2
43420,2
43423,2
43427,2
43430,1
43431,2
43432,1
43435,1
43462,1
43486,1
43487,3
43491,3
43504,1
43506,2
43514,2
43521,1
43526,1
43528,1
43554,2
43559,2
43560,1
43566,2
43569,2
43570,2
43571,2
43574,1
43589,2
43593,2
43596,1
43599,2
43602,3
43606,6
43610,2
43611,1
43614,2
43623,1
43625,7
43628,1
43641,1
43645,2
43647,1
43648,2
43649,3
43651,1
43654,2
43659,2
43668,3
43670,1
43684,7
43688,1
43695,2
43697,2
43712,1
43718,2
43720,1
43721,2
43726,2
43732,1
43733,1
43742,2
43747,2
43771,2
43778,1
43786,1
43792,2
43798,1
43803,1
43807,2
43808,3
43812,1
43816,1
43824,1
43829,1
43835,2
43839,3
43843,2
43848,2
43857,3
43866,1
43870,2
43871,2
43877,2
43881,2
43886,1
43887,2
43896,2
43906,1
43908,2
43912,2
43914,2
43919,2
43922,1
43926,2
43930,2
43938,1
43941,2
43959,1
43967,1
43969,2
43990,2
43995,2
44004,2
44007,2
44011,1
44013,2
44019,2
44027,2
44028,2
44030,2
44042,2
44043,1
44044,1
44056,1
44061,1
44064,1
44066,2
44076,6
44077,2
44081,1
44084,5
44086,2
44097,2
44103,2
44105,2
44110,7
44111,1
44112,1
44128,2
44131,1
44132,1
44139,1
44142,1
44149,2
44153,1
44156,1
44189,2
44192,1
44194,1
44199,7
44201,1
44205,6
44209,1
44211,6
44218,4
44220,2
44236,2
44241,1
44249,1
44251,1
44254,2
44261,2
44272,4
44279,1
44280,1
44282,6
44286,2
44295,3
44298,2
44303,2
44315,1
44316,1
44330,2
44336,1
44345,1
44349,2
44353,5
44372,4
44377,6
44383,2
44385,2
44398,2
44410,1
44415,2
44423,2
44425,2
44428,1
44430,1
44436,2
44444,1
44450,2
44452,1
44454,2
44455,1
44457,1
44466,2
44469,2
44471,2
44477,1
44480,7
44490,1
44493,1
44505,2
44519,2
44520,6
44544,2
44549,2
44564,2
44576,2
44577,7
44580,2
44584,2
44596,1
44606,2
44608,2
44613,6
44616,2
44618,2
44636,7
44637,2
44638,2
44645,3
44648,1
44652,1
44662,2
44663,2
44666,2
44669,2
44677,1
44691,2
44695,7
44696,1
44699,7
44705,1
44711,1
44715,2
44716,2
44718,1
44734,2
44736,1
44737,2
44739,1
44751,2
44752,2
44754,7
44765,5
44769,2
44772,2
44790,2
44791,1
44795,1
44796,3
44800,2
44804,7
44805,3
44814,2
44815,1
44816,2
44825,2
44829,1
44839,1
44845,2
44846,2
44850,2
44855,2
44866,1
44868,2
44869,1
44874,1
44882,1
44902,1
44906,1
44909,1
44916,2
44919,2
44922,2
44924,2
44927,2
44930,1
44931,1
44938,6
44940,2
44946,2
44947,1
44952,2
44955,2
44966,1
44980,1
44983,2
44985,3
44988,2
44991,2
44995,1
45000,1
45006,1
45007,2
45018,2
45019,1
45022,2
45023,2
45038,2
45043,3
45045,1
45055,2
45057,2
45061,2
45063,2
45066,7
45068,3
45102,1
45106,2
45109,1
45110,2
45141,6
45143,2
45148,2
45157,2
45162,5
45163,1
45166,1
45188,2
45192,1
45193,1
45207,7
45209,1
45212,2
45218,1
45234,2
45235,6
45241,2
45243,2
45249,1
45250,1
45251,2
45256,2
45276,2
45279,2
45283,2
45284,2
45294,6
45300,2
45302,2
45303,1
45315,2
45333,1
45334,2
45338,2
45347,1
45351,2
45352,2
45354,1
45362,7
45363,1
45369,2
45385,2
45390,5
45391,1
45394,7
45395,7
45399,1
45402,1
45406,2
45407,1
45422,2
45424,1
45426,2
45429,1
45430,2
45441,1
45470,2
45474,1
45496,2
45498,1
45504,1
45511,2
45516,2
45526,1
45532,2
45556,2
45561,1
45565,2
45578,2
45580,1
45584,1
45586,2
45588,3
45598,2
45627,2
45631,2
45635,5
45638,2
45649,2
45655,3
45662,7
45666,2
45682,1
45685,1
45688,1
45693,3
45698,7
45699,2
45700,2
45702,1
45704,2
45712,1
45720,2
45721,1
45724,1
45739,2
45741,1
45742,1
45749,2
45752,2
45755,6
45758,2
45763,1
45777,1
45783,2
45792,1
45805,2
45806,2
45810,1
45811,2
45831,2
45837,1
45859,2
45861,2
45865,1
45887,2
45890,1
45896,3
45902,1
45916,2
45919,2
45920,7
45924,2
45930,1
45931,1
45945,1
45963,2
45966,4
45967,2
45971,1
45974,2
45975,2
45976,1
45978,2
45979,2
45981,1
45988,1
45989,6
45992,3
45999,2
46015,2
46016,2
46046,2
46059,1
46064,2
46066,2
46067,5
46068,2
46069,2
46070,2
46084,2
46086,2
46092,1
46096,1
46108,2
46116,6
46118,3
46134,6
46149,2
46162,2
46164,3
46168,2
46175,2
46182,2
46190,2
46196,1
46197,2
46198,3
46201,2
46202,5
46204,7
46207,2
46208,3
46225,2
46231,1
46235,2
46238,3
46247,2
46249,1
46253,1
46255,2
46265,1
46280,6
46288,1
46292,1
46308,2
46312,3
46320,1
46330,1
46331,2
46335,1
46336,2
46341,2
46343,4
46349,1
46350,1
46366,2
46369,2
46375,2
46385,2
46390,2
46391,1
46394,2
46403,2
46405,1
46409,2
46424,1
46434,2
46435,7
46438,1
46452,2
46460,1
46473,2
46478,1
46496,2
46499,7
46507,1
46508,2
46513,3
46524,2
46531,1
46532,2
46541,1
46543,2
46551,2
46564,2
46568,1
46572,2
46573,1
46577,1
46580,1
46582,1
46586,2
46594,1
46595,1
46596,1
46601,3
46605,2
46614,6
46629,2
46631,2
46635,1
46648,2
46658,1
46659,1
46671,2
46684,2
46692,1
46693,1
46698,1
46706,5
46707,1
46720,1
46729,2
46739,1
46740,2
46743,2
46747,2
46760,2
46764,4
46766,1
46777,1
46784,2
46793,1
46801,1
46812,2
46841,2
46843,2
46866,2
46877,6
46879,2
46883,2
46886,3
46887,1
46891,2
46896,1
46902,3
46904,1
46908,2
46922,1
46934,1
46937,1
46954,2
46960,2
46974,1
46975,2
46976,2
46986,2
46990,2
46996,3
46997,2
47002,1
47005,1
47021,2
47030,1
47032,2
47046,2
47050,2
47052,1
47058,3
47060,1
47074,1
47076,1
47081,2
47085,2
47096,2
47099,2
47103,2
47106,2
47111,1
47112,2
47117,5
47120,1
47129,5
47133,2
47135,1
47138,1
47140,1
47145,1
47147,1
47170,7
47173,1
47176,5
47180,2
47182,2
47195,2
47205,2
47211,1
47214,2
47231,2
47232,4
47233,2
47237,2
47240,2
47241,1
47258,2
47262,7
47276,2
47282,1
47287,2
47288,3
47293,2
47308,1
47310,1
47311,2
47315,2
47319,2
47324,1
47332,2
47333,2
47345,1
47349,2
47351,2
47366,2
47372,2
47388,2
47392,7
47396,2
47398,2
47406,2
47414,2
47419,2
47420,2
47422,1
47430,1
47433,2
47439,1
47451,2
47452,2
47453,1
47460,2
47470,2
47497,1
47504,1
47512,1
47519,2
47526,2
47527,1
47529,2
47538,1
47541,2
47544,2
47547,1
47556,2
47564,1
47569,1
47572,2
47575,2
47583,2
47588,1
47590,2
47601,2
47612,1
47617,2
47619,1
47621,1
47627,1
47630,2
47637,3
47638,2
47640,2
47654,6
47655,1
47657,2
47660,2
47666,2
47670,2
47671,2
47681,3
47682,1
47703,1
47709,1
47711,3
47712,2
47715,3
47716,1
47728,1
47731,1
47742,1
47753,2
47758,2
47767,2
47769,3
47778,2
47779,2
47782,2
47786,2
47788,2
47809,2
47814,1
47815,2
47821,1
47826,2
47830,2
47841,2
47847,2
47850,2
47855,5
47857,2
47864,2
47871,2
47875,1
47893,1
47927,3
47937,1
47939,2
47945,2
47950,2
47959,6
47965,1
47974,2
47995,1
48000,2
48001,7
48023,1
48024,2
48025,2
48041,1
48052,2
48055,3
48060,1
48067,2
48068,2
48072,1
48074,3
48075,2
48076,1
48083,2
48095,1
48104,2
48107,2
48122,2
48124,2
48125,2
48131,1
48141,1
48147,1
48151,1
48154,1
48158,2
48164,1
48172,6
48174,1
48175,2
48187,1
48193,1
48205,2
48209,1
48210,2
48214,1
48216,2
48222,4
48224,2
48238,3
48250,2
48257,2
48263,2
48264,2
48271,6
48284,1
48285,2
48286,2
48317,1
48319,2
48320,1
48325,2
48332,1
48336,1
48367,1
48371,2
48375,2
48384,2
48401,1
48407,1
48411,2
48413,1
48432,1
48447,1
48451,2
48453,2
48458,2
48466,2
48485,2
48490,1
48492,1
48508,2
48521,2
48525,1
48527,1
48528,1
48529,2
48530,2
48534,1
48537,2
48538,7
48541,2
48553,2
48556,2
48567,3
48578,2
48589,2
48595,2
48601,2
48613,1
48617,1
48620,2
48652,2
48656,2
48662,1
48664,1
48667,2
48670,6
48671,3
48673,2
48682,2
48683,3
48688,2
48696,1
48697,2
48704,1
48729,1
48730,2
48736,2
48746,1
48749,1
48752,2
48755,2
48756,2
48760,2
48774,3
48788,2
48790,2
48792,2
48801,2
48810,2
48818,2
48826,2
48832,1
48844,2
48845,2
48846,2
48853,1
48861,2
48866,1
48872,3
48879,2
48887,2
48891,1
48900,2
48902,1
48910,1
48911,6
48914,5
48925,1
48927,7
48933,1
48935,2
48941,1
48950,2
48952,2
48978,1
48983,2
48991,2
48995,3
48999,2
49001,2
49010,2
49031,1
49034,1
49035,1
49036,2
49044,1
49047,1
49052,2
49074,2
49077,1
49084,1
49086,1
49099,2
49100,1
49109,2
49110,1
49115,7
49136,2
49138,1
49139,2
49148,2
49154,2
49161,2
49164,1
49167,2
49173,2
49178,2
49197,2
49204,1
49206,1
49219,2
49257,2
49258,2
49261,1
49263,2
49265,1
49267,2
49278,2
49287,1
49294,2
49297,3
49298,6
49299,5
49304,3
49307,1
49314,1
49315,2
49327,1
49331,5
49334,1
49335,7
49343,7
49351,2
49353,1
49357,2
49378,2
49392,2
49405,2
49411,2
49439,1
49440,2
49454,1
49457,2
49458,7
49463,1
49470,2
49492,1
49493,2
49496,6
49498,2
49500,2
49502,6
49503,5
49506,2
49509,2
49514,2
49519,1
49525,1
49530,2
49533,1
49535,7
49537,2
49547,1
49557,1
49564,3
49575,1
49580,2
49581,2
49584,2
49585,2
49595,5
49603,2
49605,2
49606,2
49608,7
49611,2
49617,2
49635,1
49646,1
49651,2
49659,1
49660,1
49680,2
49689,1
49691,1
49693,1
49706,2
49717,3
49718,2
49719,1
49721,2
49724,1
49725,2
49740,2
49745,2
49746,1
49753,5
49759,6
49768,2
49780,2
49790,2
49808,5
49809,1
49814,1
49820,1
49824,7
49825,1
49827,2
49831,1
49837,2
49842,2
49844,2
49845,2
49850,1
49852,1
49854,2
49855,1
49862,1
49863,2
49866,1
49869,1
49870,6
49872,7
49873,1
49878,1
49881,1
49890,7
49904,1
49925,1
49933,1
49934,1
49936,2
49938,1
49952,1
49986,2
49996,7
49999,1
50000,1
50004,2
50007,2
50010,1
50016,1
50020,1
50023,2
50043,1
50044,2
50065,7
50068,2
50070,2
50074,2
50078,6
50091,2
50095,2
50098,2
50100,1
50103,4
50105,2
50108,2
50112,1
50117,1
50118,1
50130,2
50135,3
50140,1
50144,3
50160,2
50165,1
50166,3
50171,1
50172,3
50180,2
50183,1
50186,2
50191,1
50196,6
50199,2
50204,3
50224,2
50227,2
50240,6
50241,1
50247,1
50277,1
50291,1
50293,2
50298,2
50306,2
50307,1
50315,2
50319,1
50323,7
50328,2
50340,1
50341,1
50342,1
50390,1
50393,2
50396,3
50397,3
50399,2
50400,2
50408,2
50409,2
50415,1
50417,2
50419,3
50421,1
50424,1
50429,1
50431,2
50439,3
50446,3
50475,2
50479,2
50482,1
50484,2
50504,1
50513,1
50519,2
50520,2
50521,3
50524,1
50525,1
50529,1
50531,6
50533,1
50540,1
50541,2
50549,1
50557,1
50572,2
50576,3
50584,1
50590,1
50605,1
50606,1
50614,2
50616,2
50621,2
50629,2
50639,2
50641,2
50646,2
50647,2
50656,7
50658,1
50660,1
50676,6
50689,2
50694,2
50696,1
50697,4
50698,2
50704,2
50705,6
50709,1
50711,1
50712,1
50718,2
50726,1
50728,1
50729,2
50732,2
50749,1
50768,3
50782,2
50788,1
50801,2
50806,3
50812,2
50815,1
50830,2
50836,1
50840,2
50849,2
50856,2
50862,2
50870,3
50871,2
50877,2
50878,1
50891,1
50900,2
50907,2
50916,6
50933,1
50938,2
50939,1
50940,1
50950,1
50951,1
50969,3
50972,1
50973,3
50978,1
50980,2
50993,6
50994,2
51009,2
51013,1
51014,2
51016,2
51017,1
51021,2
51028,7
51032,1
51033,1
51038,1
51053,2
51069,1
51085,2
51086,1
51094,1
51111,2
51113,3
51114,1
51122,2
51124,2
51128,1
51134,1
51145,2
51146,1
51150,2
51156,1
51162,1
51164,1
51166,1
51171,1
51174,2
51179,2
51193,2
51202,1
51203,2
51206,1
51207,2
51231,2
51232,1
51234,3
51236,1
51237,4
51244,2
51246,2
51248,1
51250,2
51261,2
51266,2
51284,2
51291,2
51317,2
51320,1
51334,1
51335,1
51336,1
51339,2
51340,2
51342,6
51347,2
51356,6
51372,1
51379,1
51398,2
51412,1
51415,2
51419,7
51424,1
51427,2
51431,2
51432,2
51437,2
51444,2
51445,3
51446,2
51447,2
51448,2
51450,2
51454,3
51458,1
51461,1
51462,2
51465,2
51471,1
51476,2
51483,1
51484,2
51498,1
51500,2
51503,1
51511,2
51513,1
51515,1
51517,2
51520,1
51523,7
51529,3
51536,2
51538,2
51544,2
51548,2
51551,2
51553,2
51557,2
51578,3
51580,2
51583,2
51585,1
51596,2
51602,1
51616,2
51621,2
51637,1
51638,7
51644,1
51668,2
51669,5
51671,2
51672,2
51676,3
51677,6
51686,3
51692,1
51695,2
51696,2
51705,5
51709,1
51728,2
51738,1
51744,2
51748,1
51749,2
51763,1
51769,2
51776,1
51778,2
51787,2
51802,2
51807,1
51812,1
51814,1
51820,1
51823,2
51826,6
51830,2
51833,1
51843,1
51844,1
51847,1
51850,1
51859,3
51863,2
51872,1
51883,2
51890,3
51891,1
51902,2
51907,1
51919,2
51920,2
51925,2
51926,2
51930,2
51931,2
51939,2
51951,7
51974,2
51977,2
51983,1
51984,6
51985,2
51988,2
51992,2
51997,1
52001,2
52002,1
52008,1
52017,1
52018,1
52022,2
52024,1
52028,1
52030,2
52031,2
52038,1
52044,1
52049,1
52053,2
52056,6
52063,2
52064,2
52072,2
52076,7
52096,1
52103,2
52122,3
52124,1
52133,2
52143,2
52148,1
52155,2
52163,1
52164,1
52170,1
52175,2
52176,2
52186,2
52188,1
52191,1
52193,7
52195,3
52199,2
52208,3
52209,2
52214,1
52216,2
52217,2
52224,5
52226,1
52228,1
52235,6
52238,2
52240,7
52247,1
52249,1
52256,2
52259,5
52283,2
52286,2
52290,1
52292,1
52297,1
52309,2
52312,1
52319,1
52324,1
52325,3
52330,1
52331,2
52334,2
52347,1
52348,2
52358,1
52367,7
52368,1
52369,2
52375,1
52377,2
52381,1
52389,7
52402,2
52409,2
52410,2
52412,2
52414,2
52422,2
52426,2
52431,1
52436,2
52479,2
52490,1
52511,2
52513,1
52514,2
52517,2
52528,2
52531,2
52539,2
52542,2
52546,1
52555,1
52556,2
52557,2
52559,1
52560,2
52568,2
52577,2
52585,1
52586,1
52590,2
52596,2
52601,2
52612,2
52613,2
52621,1
52644,2
52653,2
52662,4
52665,2
52673,2
52686,4
52696,2
52697,1
52698,2
52704,1
52710,1
52715,3
52719,2
52728,1
52729,2
52731,2
52736,2
52738,1
52739,1
52750,1
52751,3
52752,2
52760,3
52771,1
52775,3
52784,1
52789,1
52791,2
52795,2
52824,1
52836,1
52838,1
52839,2
52841,1
52848,1
52849,1
52853,1
52859,3
52862,3
52873,2
52877,2
52878,3
52883,2
52885,2
52887,2
52888,1
52897,1
52900,1
52907,1
52910,2
52946,2
52949,2
52951,3
52961,2
52964,1
52979,1
52983,1
52988,1
52991,2
52992,2
52995,2
52996,3
52997,1
53003,1
53006,2
53008,2
53022,2
53035,2
53041,1
53046,2
53051,1
53083,1
53094,2
53107,3
53116,1
53119,7
53127,2
53131,1
53140,1
53143,1
53155,1
53159,2
53180,1
53182,2
53189,1
53190,2
53191,2
53196,1
53205,2
53206,2
53212,1
53213,1
53214,1
53215,5
53218,1
53222,2
53225,2
53227,2
53228,2
53231,2
53233,2
53260,2
53268,1
53269,2
53272,7
53276,1
53281,3
53284,3
53289,2
53292,1
53299,2
53306,1
53313,2
53321,2
53323,2
53333,2
53335,7
53336,1
53352,7
53355,1
53364,7
53369,1
53373,2
53383,1
53389,2
53391,2
53394,3
53403,1
53415,2
53429,2
53430,2
53438,2
53445,2
53447,1
53452,1
53456,2
53465,1
53470,2
53476,2
53483,2
53484,1
53518,2
53528,1
53536,2
53544,2
53551,2
53553,2
53570,1
53571,2
53577,1
53589,1
53592,6
53603,7
53608,2
53609,1
53619,3
53621,2
53625,1
53626,2
53630,2
53633,2
53641,5
53643,2
53647,2
53667,1
53676,1
53686,2
53694,5
53703,1
53715,1
53717,1
53728,1
53729,1
53731,1
53741,2
53750,1
53754,2
53761,2
53778,2
53781,3
53791,7
53792,2
53793,1
53807,1
53815,2
53817,2
53846,2
53850,2
53856,1
53859,2
53864,2
53865,1
53867,4
53868,2
53878,1
53888,2
53889,3
53898,2
53905,2
53914,2
53925,2
53931,2
53935,2
53937,2
53938,2
53939,1
53941,1
53950,2
53953,1
53961,2
53963,3
53970,2
53975,2
53976,1
53977,1
53984,1
53987,2
53998,1
53999,6
54000,1
54005,1
54007,2
54021,2
54022,2
54026,2
54028,7
54036,2
54039,2
54042,1
54044,2
54045,1
54061,2
54066,3
54069,1
54078,2
54087,2
54091,7
54092,1
54098,1
54100,3
54105,5
54106,1
54107,2
54111,2
54116,1
54122,2
54124,1
54126,3
54128,2
54134,2
54137,2
54142,2
54150,2
54161,2
54162,2
54177,3
54188,1
54191,2
54192,2
54195,1
54200,2
54204,5
54213,1
54220,1
54221,1
54234,2
54235,2
54251,2
54255,2
54261,2
54263,1
54270,7
54282,2
54290,2
54292,2
54305,2
54308,2
54311,7
54313,1
54315,2
54318,7
54323,2
54326,1
54334,2
54335,2
54340,2
54347,1
54352,1
54355,2
54357,2
54359,2
54360,1
54383,2
54386,6
54389,2
54396,1
54412,2
54421,2
54444,1
54447,1
54455,1
54478,1
54479,2
54481,2
54486,7
54490,5
54495,2
54497,2
54502,2
54506,2
54508,7
54509,2
54516,2
54518,2
54521,2
54527,1
54529,2
54537,2
54547,1
54548,2
54553,2
54555,2
54556,1
54570,1
54571,2
54572,2
54575,7
54578,5
54585,1
54588,1
54593,2
54597,2
54605,2
54608,2
54609,2
54612,1
54614,2
54616,1
54627,1
54629,1
54630,1
54632,7
54638,1
54651,2
54652,1
54657,1
54659,1
54663,1
54665,2
54667,2
54668,1
54672,7
54676,1
54682,2
54686,2
54717,3
54719,7
54721,2
54728,2
54729,2
54731,1
54733,2
54752,2
54753,2
54755,1
54762,3
54770,3
54772,2
54778,1
54786,1
54805,2
54812,1
54830,2
54831,2
54833,2
54834,2
54844,2
54845,2
54866,1
54869,2
54882,1
54898,2
54900,2
54903,7
54907,1
54911,2
54914,1
54921,3
54933,1
54943,2
54946,2
54956,2
54969,2
54981,2
54985,1
54991,1
54993,2
54995,7
54997,1
54998,1
55002,2
55006,1
55015,1
55018,2
55020,7
55021,1
55026,7
55028,2
55040,2
55048,1
55053,1
55062,2
55069,6
55073,2
55078,2
55094,2
55095,2
55106,2
55117,2
55126,2
55133,2
55135,2
55141,2
55156,2
55159,6
55164,2
55169,1
55182,1
55183,1
55188,1
55190,1
55193,2
55198,1
55204,3
55206,2
55210,2
55217,7
55231,2
55234,2
55236,2
55237,2
55238,2
55248,2
55259,3
55262,1
55272,2
55275,1
55276,3
55277,3
55280,7
55286,7
55292,2
55297,2
55299,1
55311,1
55315,2
55330,2
55344,1
55357,2
55364,2
55365,3
55370,1
55376,1
55377,2
55397,2
55399,1
55403,1
55408,1
55415,2
55424,2
55439,2
55442,2
55443,2
55445,1
55455,2
55458,2
55462,3
55464,2
55465,2
55469,7
55477,1
55482,2
55487,3
55496,1
55501,2
55519,1
55521,2
55522,2
55538,1
55546,1
55550,1
55552,1
55566,1
55570,2
55587,5
55602,2
55603,1
55608,1
55610,1
55611,2
55614,3
55618,7
55630,3
55634,5
55639,2
55646,1
55647,2
55648,2
55653,2
55654,1
55669,2
55671,1
55674,1
55686,6
55689,7
55692,1
55703,2
55707,2
55712,1
55724,1
55726,3
55734,1
55742,3
55743,5
55750,3
55760,1
55773,1
55778,1
55780,2
55783,2
55786,2
55789,1
55792,1
55793,2
55795,1
55804,2
55806,1
55810,1
55814,2
55823,3
55824,6
55826,1
55833,2
55837,2
55843,2
55850,2
55855,2
55858,1
55859,2
55862,2
55871,1
55872,1
55878,1
55880,2
55883,6
55887,2
55893,1
55895,1
55897,3
55900,2
55914,2
55919,2
55928,1
55939,3
55940,2
55943,2
55944,2
55955,1
55958,2
55968,1
55970,2
55972,1
55976,7
55978,7
55979,2
55983,1
55986,2
55990,6
56002,2
56009,1
56011,1
56016,2
56023,2
56025,2
56026,1
56033,1
56040,2
56044,1
56046,1
56048,1
56049,2
56053,2
56059,1
56060,1
56063,1
56071,2
56074,5
56081,1
56085,1
56088,2
56103,2
56110,2
56129,1
56134,2
56137,1
56146,2
56147,1
56153,1
56154,6
56157,2
56164,1
56167,3
56174,2
56176,7
56183,2
56192,7
56207,2
56208,1
56209,1
56211,6
56224,1
56225,2
56234,2
56243,4
56246,7
56250,2
56256,2
56260,1
56270,2
56281,1
56282,7
56292,1
56297,3
56307,1
56321,2
56323,6
56340,2
56348,1
56352,1
56353,1
56360,1
56362,7
56363,2
56365,2
56371,6
56372,2
56373,1
56374,2
56377,2
56384,2
56386,2
56389,2
56397,1
56398,1
56399,1
56408,2
56422,1
56429,2
56430,1
56437,2
56443,1
56445,1
56450,2
56458,7
56459,2
56461,2
56470,2
56472,3
56478,1
56489,1
56493,2
56496,2
56497,2
56528,1
56532,2
56538,3
56541,2
56547,1
56549,2
56550,2
56554,6
56555,1
56564,5
56588,1
56589,2
56594,2
56610,1
56622,2
56634,2
56648,1
56657,2
56675,1
56676,2
56686,1
56694,1
56701,2
56714,1
56717,2
56725,2
56726,2
56728,2
56740,1
56742,2
56749,1
56751,2
56752,2
56755,2
56761,1
56763,2
56788,1
56792,3
56798,1
56809,2
56816,1
56825,2
56831,2
56832,2
56835,1
56839,2
56844,2
56848,1
56853,2
56856,2
56858,2
56864,2
56871,1
56885,3
56895,1
56905,2
56908,2
56909,2
56922,2
56924,2
56932,2
56934,1
56938,2
56940,1
56958,1
56959,1
56960,1
56961,1
56967,1
56971,1
56982,1
56996,2
57006,2
57016,3
57029,6
57034,1
57041,5
57049,2
57050,2
57053,1
57055,2
57059,1
57062,1
57063,1
57069,2
57070,2
57071,1
57073,2
57076,5
57083,2
57104,6
57105,1
57111,2
57113,5
57114,1
57116,1
57119,2
57128,2
57131,2
57134,2
57140,2
57143,2
57147,2
57149,1
57156,2
57159,3
57164,2
57172,3
57179,1
57182,1
57191,3
57195,2
57197,2
57199,2
57204,2
57208,1
57212,2
57214,7
57215,1
57226,2
57238,1
57241,2
57242,2
57244,2
57246,2
57250,1
57255,2
57259,1
57261,3
57267,2
57272,1
57275,2
57283,1
57309,2
57312,3
57315,2
57316,1
57318,1
57323,1
57325,2
57331,1
57337,2
57363,2
57369,2
57372,1
57380,2
57384,1
57394,2
57395,1
57402,1
57403,1
57411,1
57413,1
57415,1
57425,2
57429,2
57448,1
57468,2
57476,1
57483,1
57485,2
57510,2
57526,2
57543,1
57547,1
57549,2
57551,2
57552,2
57566,3
57570,1
57574,1
57575,2
57579,1
57580,7
57581,6
57582,3
57587,2
57588,2
57590,1
57594,1
57596,1
57601,2
57603,2
57614,2
57615,2
57617,2
57618,7
57625,2
57626,2
57629,2
57631,2
57635,2
57642,2
57647,1
57659,2
57661,2
57664,2
57674,1
57684,1
57702,2
57715,1
57723,2
57736,1
57737,2
57738,2
57739,2
57744,2
57756,1
57758,1
57759,6
57761,2
57765,2
57773,3
57777,2
57779,2
57782,7
57783,2
57789,2
57796,1
57799,1
57800,3
57812,3
57817,2
57825,2
57836,2
57840,2
57841,3
57842,2
57847,3
57848,2
57855,2
57858,2
57859,2
57864,2
57871,1
57872,1
57874,2
57881,2
57882,1
57891,5
57895,2
57910,7
57917,2
57922,1
57926,2
57930,1
57936,1
57939,2
57942,1
57947,2
57962,3
57967,2
57971,1
57991,3
58001,3
58004,2
58016,2
58022,2
58024,2
58039,1
58046,2
58050,3
58052,2
58075,1
58093,2
58095,2
58097,5
58105,1
58109,1
58112,2
58113,1
58115,7
58136,2
58150,2
58153,1
58168,2
58173,3
58186,3
58193,1
58195,1
58206,1
58210,1
58211,2
58215,1
58225,2
58230,1
58234,1
58244,2
58245,2
58267,6
58268,1
58271,1
58274,2
58275,1
58284,2
58289,2
58290,1
58293,2
58296,2
58299,2
58302,2
58304,2
58312,1
58316,2
58321,1
58335,2
58339,2
58357,2
58361,2
58366,3
58367,7
58376,1
58393,1
58403,3
58413,2
58427,2
58428,2
58431,2
58432,2
58443,1
58458,2
58469,2
58473,2
58485,2
58487,7
58496,1
58498,1
58500,1
58502,3
58503,2
58507,6
58508,7
58509,2
58521,2
58533,2
58542,1
58546,2
58551,4
58552,1
58557,1
58569,2
58576,1
58592,2
58594,2
58599,3
58603,2
58608,2
58617,7
58626,2
58635,2
58657,1
58664,1
58673,1
58675,2
58685,1
58689,3
58694,2
58698,1
58707,2
58710,2
58713,1
58715,1
58726,2
58745,2
58756,1
58762,2
58764,1
58771,2
58776,6
58778,1
58779,1
58794,1
58802,2
58804,2
58806,2
58809,2
58812,2
58820,2
58831,2
58844,2
58860,1
58861,1
58865,1
58873,1
58877,3
58880,2
58884,1
58897,1
58900,2
58901,7
58912,5
58924,2
58926,3
58947,1
58949,2
58965,2
58979,1
58989,2
59008,2
59016,2
59028,2
59033,2
59045,2
59051,7
59059,2
59062,1
59067,2
59068,3
59070,1
59075,1
59077,2
59084,1
59085,1
59087,2
59088,1
59096,2
59105,2
59113,2
59114,2
59159,2
59166,1
59167,2
59177,1
59181,3
59197,2
59198,2
59202,1
59206,5
59212,1
59214,1
59215,1
59218,2
59224,1
59233,3
59240,2
59245,1
59246,2
59257,2
59259,1
59261,3
59265,1
59277,3
59288,1
59295,2
59296,1
59297,1
59298,2
59301,1
59312,2
59318,1
59322,1
59345,2
59346,2
59354,3
59362,6
59365,1
59374,3
59381,2
59388,3
59398,2
59400,3
59402,2
59413,1
59414,1
59422,1
59434,3
59435,6
59436,2
59437,1
59441,2
59464,2
59465,2
59471,2
59478,7
59482,6
59487,3
59495,2
59496,1
59497,3
59499,2
59514,1
59515,2
59523,2
59532,2
59535,3
59538,2
59540,2
59551,2
59552,3
59555,2
59566,1
59570,3
59571,2
59585,1
59588,2
59596,2
59597,2
59599,1
59605,4
59606,3
59609,1
59623,2
59649,2
59651,1
59652,3
59654,1
59657,2
59665,2
59679,2
59681,3
59682,1
59683,1
59688,2
59693,2
59695,1
59696,2
59704,1
59707,2
59712,1
59726,1
59728,1
59735,1
59741,2
59744,1
59745,2
59749,1
59754,1
59755,2
59768,2
59769,1
59770,1
59776,2
59782,2
59790,2
59793,2
59799,2
59802,1
59803,2
59816,2
59818,2
59826,6
59831,1
59833,1
59834,2
59835,2
59839,2
59856,2
59866,1
59869,3
59875,1
59890,2
59906,2
59909,7
59919,1
59930,2
59934,2
59939,2
59945,1
59950,1
59955,2
59963,2
59975,1
59982,1
59983,1
59987,2
59992,2
